{
"type": "FeatureCollection",
"name": "Roads",
"crs": { "type": "name", "properties": { "name": "urn:ogc:def:crs:OGC:1.3:CRS84" } },
"features": [
{ "type": "Feature", "properties": { "OBJECTID": 69, "SEGMENT_ID": 4651, "STREET_NAME": "COLUMBIA ST W", "FROM_LEFT": 0.0, "TO_LEFT": 0.0, "FROM_RIGHT": 350.0, "TO_RIGHT": 350.0, "LEFT_PARITY": "O", "RIGHT_PARITY": "E", "FROM_STREET": "OLD POST RD", "TO_STREET": "BEECHLAWN DR", "STATUS_PHYSICAL": "BUILT", "STREET_TYPE": "ROAD", "MAIN_ROAD": "Y", "CARTO_CLASS": "City Arterial", "FLOW_DIRECTION": "TwoWay", "NUMBER_LANES": 4.0, "SPEED_ZONE": 60.0, "PLOW_PRIORITY": "1", "FIRE_ROUTE": "Primary", "CUL_DE_SAC": "N", "MEDIAN": "Yes", "LEFT_MUNICIPALITY": "Waterloo", "RIGHT_MUNICIPALITY": "Waterloo", "OWNED_BY": "Waterloo", "MANAGED_BY": "Waterloo", "AADT": null, "AADT_DATE": null, "AADT_SOURCE": null, "LENGTH_M": 143.20268918470813 }, "geometry": { "type": "LineString", "coordinates": [ [ -80.55958115, 43.469983583 ], [ -80.559681065999897, 43.469947809000097 ], [ -80.561070303999898, 43.469450421 ], [ -80.561169977, 43.469414734000097 ] ] } },
{ "type": "Feature", "properties": { "OBJECTID": 85, "SEGMENT_ID": 7239, "STREET_NAME": "TAMARACK DR", "FROM_LEFT": 413.0, "TO_LEFT": 435.0, "FROM_RIGHT": 412.0, "TO_RIGHT": 432.0, "LEFT_PARITY": "O", "RIGHT_PARITY": "E", "FROM_STREET": "SMALLWOOD DR", "TO_STREET": "MILFORD AVE", "STATUS_PHYSICAL": "BUILT", "STREET_TYPE": "ROAD", "MAIN_ROAD": "N", "CARTO_CLASS": "Local Street", "FLOW_DIRECTION": "TwoWay", "NUMBER_LANES": 2.0, "SPEED_ZONE": 50.0, "PLOW_PRIORITY": "3", "FIRE_ROUTE": null, "CUL_DE_SAC": "N", "MEDIAN": null, "LEFT_MUNICIPALITY": "Waterloo", "RIGHT_MUNICIPALITY": "Waterloo", "OWNED_BY": "Waterloo", "MANAGED_BY": "Waterloo", "AADT": null, "AADT_DATE": null, "AADT_SOURCE": null, "LENGTH_M": 212.39745589146418 }, "geometry": { "type": "LineString", "coordinates": [ [ -80.533137533999906, 43.483552934 ], [ -80.533173591, 43.483567985 ], [ -80.533232062, 43.483595313000102 ], [ -80.533306349, 43.483634632000097 ], [ -80.533376637999893, 43.483677206 ], [ -80.533442959, 43.4837230300001 ], [ -80.5335058269999, 43.483772534 ], [ -80.533521581999906, 43.483786098000103 ], [ -80.533761117, 43.483995206 ], [ -80.533891427, 43.484108968 ], [ -80.534149667, 43.484334399 ], [ -80.5341520919999, 43.484336512 ], [ -80.534282372, 43.484450248 ], [ -80.534673315, 43.484791527 ], [ -80.534803634999903, 43.484905285 ], [ -80.534881927999905, 43.484973629000102 ] ] } },
{ "type": "Feature", "properties": { "OBJECTID": 90, "SEGMENT_ID": 7208, "STREET_NAME": "CARDILL CRES", "FROM_LEFT": 5.0, "TO_LEFT": 45.0, "FROM_RIGHT": 4.0, "TO_RIGHT": 44.0, "LEFT_PARITY": "O", "RIGHT_PARITY": "E", "FROM_STREET": "CARDILL CRES", "TO_STREET": "AUSTIN DR", "STATUS_PHYSICAL": "BUILT", "STREET_TYPE": "ROAD", "MAIN_ROAD": "N", "CARTO_CLASS": "Local Street", "FLOW_DIRECTION": "TwoWay", "NUMBER_LANES": 2.0, "SPEED_ZONE": 50.0, "PLOW_PRIORITY": "3", "FIRE_ROUTE": null, "CUL_DE_SAC": "N", "MEDIAN": null, "LEFT_MUNICIPALITY": "Waterloo", "RIGHT_MUNICIPALITY": "Waterloo", "OWNED_BY": "Waterloo", "MANAGED_BY": "Waterloo", "AADT": null, "AADT_DATE": null, "AADT_SOURCE": null, "LENGTH_M": 323.65153698488029 }, "geometry": { "type": "LineString", "coordinates": [ [ -80.535681882999896, 43.481242308 ], [ -80.535398594999904, 43.480884722 ], [ -80.535202822, 43.4806375900001 ], [ -80.535104932, 43.480514026 ], [ -80.53500411, 43.4803867480001 ], [ -80.534830380999907, 43.480167448 ], [ -80.534823976, 43.480159673000102 ], [ -80.534793137999898, 43.480131856000099 ], [ -80.534749190999904, 43.480107703 ], [ -80.534698512, 43.480092038000102 ], [ -80.534644123, 43.480085794 ], [ -80.534589281, 43.480089347 ], [ -80.534543755999906, 43.480100845 ], [ -80.534209859, 43.480220238000101 ], [ -80.534014972, 43.480289927000101 ], [ -80.53382898, 43.4803564280001 ], [ -80.53369493, 43.480404363 ], [ -80.533656306, 43.480422530000098 ], [ -80.533619976, 43.480450171 ], [ -80.533593438, 43.480483193000097 ], [ -80.533578131, 43.480519795000099 ], [ -80.533574895999905, 43.4805579800001 ], [ -80.533583899999897, 43.480595673 ], [ -80.533602069, 43.480626436000101 ], [ -80.533935681999907, 43.481047579000098 ] ] } },
{ "type": "Feature", "properties": { "OBJECTID": 91, "SEGMENT_ID": 7220, "STREET_NAME": "CORRIE CRES", "FROM_LEFT": 183.0, "TO_LEFT": 243.0, "FROM_RIGHT": 182.0, "TO_RIGHT": 240.0, "LEFT_PARITY": "O", "RIGHT_PARITY": "E", "FROM_STREET": "CORRIE CRES", "TO_STREET": "CORRIE CRES", "STATUS_PHYSICAL": "BUILT", "STREET_TYPE": "ROAD", "MAIN_ROAD": "N", "CARTO_CLASS": "Local Street", "FLOW_DIRECTION": "TwoWay", "NUMBER_LANES": 2.0, "SPEED_ZONE": 50.0, "PLOW_PRIORITY": "3", "FIRE_ROUTE": null, "CUL_DE_SAC": "N", "MEDIAN": null, "LEFT_MUNICIPALITY": "Waterloo", "RIGHT_MUNICIPALITY": "Waterloo", "OWNED_BY": "Waterloo", "MANAGED_BY": "Waterloo", "AADT": null, "AADT_DATE": null, "AADT_SOURCE": null, "LENGTH_M": 583.11446259059517 }, "geometry": { "type": "LineString", "coordinates": [ [ -80.550158379, 43.483776657000099 ], [ -80.549822325, 43.483895728 ], [ -80.549748662999903, 43.483918753000097 ], [ -80.549669547999898, 43.4839372530001 ], [ -80.549588387, 43.483950221 ], [ -80.549510786, 43.483957107 ], [ -80.549450808, 43.483961755000102 ], [ -80.549396499999901, 43.483968569000098 ], [ -80.549336387, 43.483979263 ], [ -80.54927767, 43.483993038000101 ], [ -80.549220468, 43.484009855000103 ], [ -80.549164917, 43.484029686 ], [ -80.549116125, 43.484050261 ], [ -80.549069152, 43.484073215000102 ], [ -80.549024364, 43.484098376000098 ], [ -80.548980833, 43.484126359000101 ], [ -80.548970277, 43.4841337410001 ], [ -80.548939881, 43.484156400000103 ], [ -80.548907417999899, 43.484179319000098 ], [ -80.548868393, 43.484201804000101 ], [ -80.548830059999901, 43.484219649000103 ], [ -80.548664625999905, 43.484291389000099 ], [ -80.548102212999893, 43.484524966 ], [ -80.548056956, 43.48453729 ], [ -80.547998279, 43.484538660000098 ], [ -80.547942083, 43.484526277 ], [ -80.547894293999903, 43.484501448000103 ], [ -80.547865916, 43.484472818 ], [ -80.547657374, 43.484167877000097 ], [ -80.547444341, 43.483856356 ], [ -80.547430769, 43.483825793000101 ], [ -80.547429886, 43.483786971 ], [ -80.547444609, 43.4837496540001 ], [ -80.547473652, 43.483717087000102 ], [ -80.547507268999894, 43.483696531000099 ], [ -80.548025316, 43.483463744000098 ], [ -80.548282655, 43.483350983 ], [ -80.548297944999902, 43.483344282000097 ], [ -80.548982330999905, 43.483036676 ], [ -80.549019159999901, 43.483020128000099 ], [ -80.549064438, 43.48300426 ], [ -80.549119366999903, 43.482994367000103 ], [ -80.54917591, 43.48299287 ], [ -80.549231676, 43.482999828000104 ], [ -80.549284311, 43.48301495 ], [ -80.549331579999901, 43.483037595 ], [ -80.549366968, 43.483063497 ], [ -80.549488073, 43.483172627 ], [ -80.549668037999893, 43.483334804 ], [ -80.550158379, 43.483776657000099 ] ] } },
{ "type": "Feature", "properties": { "OBJECTID": 130, "SEGMENT_ID": 1807, "STREET_NAME": "AUSTIN DR", "FROM_LEFT": 11.0, "TO_LEFT": 25.0, "FROM_RIGHT": 10.0, "TO_RIGHT": 26.0, "LEFT_PARITY": "O", "RIGHT_PARITY": "E", "FROM_STREET": "HIGH ST", "TO_STREET": "HOLLY ST", "STATUS_PHYSICAL": "BUILT", "STREET_TYPE": "ROAD", "MAIN_ROAD": "N", "CARTO_CLASS": "Local Street", "FLOW_DIRECTION": "TwoWay", "NUMBER_LANES": 2.0, "SPEED_ZONE": 50.0, "PLOW_PRIORITY": "3", "FIRE_ROUTE": null, "CUL_DE_SAC": "N", "MEDIAN": null, "LEFT_MUNICIPALITY": "Waterloo", "RIGHT_MUNICIPALITY": "Waterloo", "OWNED_BY": "Waterloo", "MANAGED_BY": "Waterloo", "AADT": null, "AADT_DATE": null, "AADT_SOURCE": null, "LENGTH_M": 162.02025872938836 }, "geometry": { "type": "LineString", "coordinates": [ [ -80.52797551, 43.483185689 ], [ -80.528099616, 43.483141171000099 ], [ -80.528399001, 43.48303378 ], [ -80.528578126999903, 43.482969532 ], [ -80.528628818999906, 43.482951344000099 ], [ -80.528757245999898, 43.482905280000097 ], [ -80.528936363999904, 43.482841028000102 ], [ -80.529291227, 43.482713739000097 ], [ -80.529669736999907, 43.482577958 ], [ -80.529772765, 43.482541001000101 ] ] } },
{ "type": "Feature", "properties": { "OBJECTID": 147, "SEGMENT_ID": 80899, "STREET_NAME": "JAMES DOWNEY WAY", "FROM_LEFT": null, "TO_LEFT": null, "FROM_RIGHT": null, "TO_RIGHT": null, "LEFT_PARITY": "U", "RIGHT_PARITY": "U", "FROM_STREET": null, "TO_STREET": "LAURELWOOD DR", "STATUS_PHYSICAL": "BUILT", "STREET_TYPE": "ROAD", "MAIN_ROAD": "N", "CARTO_CLASS": "Private", "FLOW_DIRECTION": "TwoWay", "NUMBER_LANES": 1.0, "SPEED_ZONE": 50.0, "PLOW_PRIORITY": "Other", "FIRE_ROUTE": null, "CUL_DE_SAC": "N", "MEDIAN": null, "LEFT_MUNICIPALITY": "Waterloo", "RIGHT_MUNICIPALITY": "Waterloo", "OWNED_BY": "Private", "MANAGED_BY": "Private", "AADT": null, "AADT_DATE": null, "AADT_SOURCE": null, "LENGTH_M": 267.10955725675626 }, "geometry": { "type": "LineString", "coordinates": [ [ -80.567160342, 43.473171279 ], [ -80.568280256, 43.474238951000103 ], [ -80.568310323608102, 43.474269453000304 ], [ -80.568337671276197, 43.474301281197803 ], [ -80.568362188272104, 43.474334306718397 ], [ -80.568383775325003, 43.474368395839903 ], [ -80.568402345027707, 43.474403410533498 ], [ -80.568417822190497, 43.474439209022499 ], [ -80.568430144145296, 43.474475646357 ], [ -80.568439261, 43.474512575000098 ], [ -80.568581794999901, 43.474994642000098 ], [ -80.568681174999895, 43.475252778 ] ] } },
{ "type": "Feature", "properties": { "OBJECTID": 161, "SEGMENT_ID": 389, "STREET_NAME": "LESTER ST", "FROM_LEFT": 295.0, "TO_LEFT": 343.0, "FROM_RIGHT": 308.0, "TO_RIGHT": 350.0, "LEFT_PARITY": "O", "RIGHT_PARITY": "E", "FROM_STREET": "HICKORY ST W", "TO_STREET": "COLUMBIA ST W", "STATUS_PHYSICAL": "BUILT", "STREET_TYPE": "ROAD", "MAIN_ROAD": "N", "CARTO_CLASS": "Local Street", "FLOW_DIRECTION": "TwoWay", "NUMBER_LANES": 2.0, "SPEED_ZONE": 50.0, "PLOW_PRIORITY": "3", "FIRE_ROUTE": null, "CUL_DE_SAC": "N", "MEDIAN": null, "LEFT_MUNICIPALITY": "Waterloo", "RIGHT_MUNICIPALITY": "Waterloo", "OWNED_BY": "Waterloo", "MANAGED_BY": "Waterloo", "AADT": null, "AADT_DATE": null, "AADT_SOURCE": null, "LENGTH_M": 257.41202693435832 }, "geometry": { "type": "LineString", "coordinates": [ [ -80.537601941184775, 43.477719950060568 ], [ -80.537651318, 43.477787529000103 ] ] } },
{ "type": "Feature", "properties": { "OBJECTID": 165, "SEGMENT_ID": 8101, "STREET_NAME": "LONGWOOD DR", "FROM_LEFT": 65.0, "TO_LEFT": 125.0, "FROM_RIGHT": 66.0, "TO_RIGHT": 128.0, "LEFT_PARITY": "O", "RIGHT_PARITY": "E", "FROM_STREET": "LONGWOOD DR", "TO_STREET": "GREENBRIER DR", "STATUS_PHYSICAL": "BUILT", "STREET_TYPE": "ROAD", "MAIN_ROAD": "N", "CARTO_CLASS": "Local Street", "FLOW_DIRECTION": "TwoWay", "NUMBER_LANES": 2.0, "SPEED_ZONE": 50.0, "PLOW_PRIORITY": "3", "FIRE_ROUTE": null, "CUL_DE_SAC": "N", "MEDIAN": null, "LEFT_MUNICIPALITY": "Waterloo", "RIGHT_MUNICIPALITY": "Waterloo", "OWNED_BY": "Waterloo", "MANAGED_BY": "Waterloo", "AADT": null, "AADT_DATE": null, "AADT_SOURCE": null, "LENGTH_M": 526.41462795876794 }, "geometry": { "type": "LineString", "coordinates": [ [ -80.538526277999907, 43.489725611 ], [ -80.538462315999894, 43.489783136 ], [ -80.537783019, 43.490394061000103 ], [ -80.537727069, 43.490441688 ], [ -80.537668832, 43.490486320000102 ], [ -80.537602089, 43.4905321950001 ], [ -80.537530746999906, 43.4905759580001 ], [ -80.537369847, 43.490669275000101 ], [ -80.537207756, 43.490763289 ], [ -80.536925201, 43.490927161000101 ], [ -80.536910674, 43.490934897 ], [ -80.536898332, 43.490940398000099 ], [ -80.536875578, 43.490948294000098 ], [ -80.536852801, 43.4909537610001 ], [ -80.536829258999902, 43.490957094000102 ], [ -80.5368053239999, 43.490958239000101 ], [ -80.536781382, 43.490957181000098 ], [ -80.536757816, 43.490953934000103 ], [ -80.536735001, 43.490948549000102 ], [ -80.536713985999896, 43.490941350000099 ], [ -80.536689007999897, 43.490929441 ], [ -80.536664201, 43.490913172 ], [ -80.536317316999899, 43.490647874 ], [ -80.536005589999903, 43.490409469 ], [ -80.535857527, 43.490296221000101 ], [ -80.535788367, 43.490243332 ], [ -80.535769586999905, 43.4902268660001 ], [ -80.535756007, 43.490211024000097 ], [ -80.53574537, 43.490193815000097 ], [ -80.535738607, 43.490177475000102 ], [ -80.535734648, 43.4901604410001 ], [ -80.535733635, 43.490143176000103 ], [ -80.535735584, 43.490125962 ], [ -80.535740468, 43.490109063 ], [ -80.535748213, 43.4900927320001 ], [ -80.535758692999906, 43.490077232 ], [ -80.535771271, 43.490063327 ], [ -80.535791339, 43.49004676 ], [ -80.535814039999906, 43.490033048 ], [ -80.535843134999894, 43.490020432000101 ], [ -80.535864869, 43.490012594000099 ], [ -80.536472717, 43.489793474000102 ], [ -80.537356901, 43.489474719 ], [ -80.537416823999905, 43.489455562 ], [ -80.537476456, 43.48944111 ], [ -80.53753803, 43.489430665 ], [ -80.537590632, 43.489425143000098 ], [ -80.537644058999902, 43.489422631 ], [ -80.537697588, 43.489423187000099 ], [ -80.537750998, 43.489426814000097 ], [ -80.537800863, 43.489433040000101 ], [ -80.537844278, 43.489440918000099 ], [ -80.537924056999898, 43.489467262000097 ] ] } },
{ "type": "Feature", "properties": { "OBJECTID": 239, "SEGMENT_ID": 29121, "STREET_NAME": "HAGEY BLVD", "FROM_LEFT": 0.0, "TO_LEFT": 0.0, "FROM_RIGHT": 0.0, "TO_RIGHT": 0.0, "LEFT_PARITY": "Z", "RIGHT_PARITY": "Z", "FROM_STREET": "WES GRAHAM WAY", "TO_STREET": "BEARINGER RD", "STATUS_PHYSICAL": "BUILT", "STREET_TYPE": "ROAD", "MAIN_ROAD": "Y", "CARTO_CLASS": "Major Collector", "FLOW_DIRECTION": "TwoWay", "NUMBER_LANES": 2.0, "SPEED_ZONE": 50.0, "PLOW_PRIORITY": "2", "FIRE_ROUTE": "Secondary", "CUL_DE_SAC": "N", "MEDIAN": "Yes", "LEFT_MUNICIPALITY": "Waterloo", "RIGHT_MUNICIPALITY": "Waterloo", "OWNED_BY": "Waterloo", "MANAGED_BY": "Waterloo", "AADT": null, "AADT_DATE": null, "AADT_SOURCE": null, "LENGTH_M": 513.43887704058079 }, "geometry": { "type": "LineString", "coordinates": [ [ -80.550102291, 43.4802650990001 ], [ -80.550273892, 43.480519148 ], [ -80.550559608999905, 43.480942135000099 ], [ -80.550611703, 43.481012863 ], [ -80.550672351999907, 43.481082893000099 ], [ -80.550739608, 43.481149647000102 ], [ -80.550813140999907, 43.481212794 ], [ -80.550892585, 43.481272021000102 ], [ -80.55097755, 43.481327039000099 ], [ -80.551067614, 43.481377572 ], [ -80.551162330999901, 43.481423371000098 ], [ -80.551261236, 43.481464210000098 ], [ -80.551363836, 43.481499888 ], [ -80.551469627, 43.481530226000103 ], [ -80.551571444, 43.481553556000101 ], [ -80.55178455, 43.481586394 ], [ -80.552913673, 43.481717732 ], [ -80.552993214, 43.481727801 ], [ -80.553071065, 43.481739244 ], [ -80.5531484589999, 43.481752212000103 ], [ -80.553225345, 43.4817667 ], [ -80.553301664999907, 43.481782694000103 ], [ -80.553377363, 43.481800187 ], [ -80.553452385, 43.481819163000097 ], [ -80.553526674, 43.481839607 ], [ -80.55360018, 43.481861507000097 ], [ -80.553672843999905, 43.481884843 ], [ -80.553744611999903, 43.481909603000098 ], [ -80.553815441, 43.481935767 ], [ -80.553885274, 43.481963315 ], [ -80.553954051999895, 43.481992222 ], [ -80.554021733999903, 43.482022478 ], [ -80.554086583, 43.482053253000103 ], [ -80.554156814, 43.4820901470001 ], [ -80.554221834, 43.48212948 ], [ -80.5542830159999, 43.482171951000097 ], [ -80.554340076999907, 43.482217362 ], [ -80.55439275, 43.482265502000097 ], [ -80.554440793, 43.482316147000098 ], [ -80.554483977, 43.482369060000103 ], [ -80.554522103, 43.482423994 ], [ -80.554554995, 43.482480694000103 ], [ -80.554583593, 43.482541215 ], [ -80.554639734, 43.482674723000102 ], [ -80.554701402706627, 43.482877396035832 ], [ -80.554701403, 43.482877397 ] ] } },
{ "type": "Feature", "properties": { "OBJECTID": 248, "SEGMENT_ID": 268, "STREET_NAME": "PHILLIP ST", "FROM_LEFT": 263.0, "TO_LEFT": 305.0, "FROM_RIGHT": 250.0, "TO_RIGHT": 330.0, "LEFT_PARITY": "O", "RIGHT_PARITY": "E", "FROM_STREET": "UNIVERSITY AVE W", "TO_STREET": "COLUMBIA ST W", "STATUS_PHYSICAL": "BUILT", "STREET_TYPE": "ROAD", "MAIN_ROAD": "Y", "CARTO_CLASS": "Major Collector", "FLOW_DIRECTION": "TwoWay", "NUMBER_LANES": 3.0, "SPEED_ZONE": 50.0, "PLOW_PRIORITY": "2", "FIRE_ROUTE": null, "CUL_DE_SAC": "N", "MEDIAN": null, "LEFT_MUNICIPALITY": "Waterloo", "RIGHT_MUNICIPALITY": "Waterloo", "OWNED_BY": "Waterloo", "MANAGED_BY": "Waterloo", "AADT": null, "AADT_DATE": null, "AADT_SOURCE": null, "LENGTH_M": 620.51250297714535 }, "geometry": { "type": "LineString", "coordinates": [ [ -80.539882520189934, 43.476899561944286 ], [ -80.539932093999894, 43.476970834 ] ] } },
{ "type": "Feature", "properties": { "OBJECTID": 272, "SEGMENT_ID": 7160, "STREET_NAME": "PARKWOOD CRT", "FROM_LEFT": 451.0, "TO_LEFT": 457.0, "FROM_RIGHT": 450.0, "TO_RIGHT": 450.0, "LEFT_PARITY": "O", "RIGHT_PARITY": "E", "FROM_STREET": "BLYTHWOOD RD", "TO_STREET": "PARKWOOD CRT", "STATUS_PHYSICAL": "BUILT", "STREET_TYPE": "ROAD", "MAIN_ROAD": "N", "CARTO_CLASS": "Local Street", "FLOW_DIRECTION": "TwoWay", "NUMBER_LANES": 2.0, "SPEED_ZONE": 50.0, "PLOW_PRIORITY": "3", "FIRE_ROUTE": null, "CUL_DE_SAC": "N", "MEDIAN": null, "LEFT_MUNICIPALITY": "Waterloo", "RIGHT_MUNICIPALITY": "Waterloo", "OWNED_BY": "Waterloo", "MANAGED_BY": "Waterloo", "AADT": null, "AADT_DATE": null, "AADT_SOURCE": null, "LENGTH_M": 100.5408631430461 }, "geometry": { "type": "LineString", "coordinates": [ [ -80.533640871, 43.48730032 ], [ -80.533699277, 43.487372249 ], [ -80.533948549999906, 43.487679237000101 ], [ -80.534273636, 43.488079606 ] ] } },
{ "type": "Feature", "properties": { "OBJECTID": 294, "SEGMENT_ID": 80900, "STREET_NAME": "LAURELWOOD DR", "FROM_LEFT": 0.0, "TO_LEFT": 0.0, "FROM_RIGHT": 0.0, "TO_RIGHT": 0.0, "LEFT_PARITY": "Z", "RIGHT_PARITY": "Z", "FROM_STREET": "LAURELWOOD DR", "TO_STREET": "JAMES DOWNEY WAY", "STATUS_PHYSICAL": "BUILT", "STREET_TYPE": "Roundabout", "MAIN_ROAD": "Y", "CARTO_CLASS": "Roundabout", "FLOW_DIRECTION": "FromTo", "NUMBER_LANES": 1.0, "SPEED_ZONE": 50.0, "PLOW_PRIORITY": "2", "FIRE_ROUTE": "Primary", "CUL_DE_SAC": "N", "MEDIAN": null, "LEFT_MUNICIPALITY": "Waterloo", "RIGHT_MUNICIPALITY": "Waterloo", "OWNED_BY": "Waterloo", "MANAGED_BY": "Waterloo", "AADT": null, "AADT_DATE": null, "AADT_SOURCE": null, "LENGTH_M": 26.903604735837657 }, "geometry": { "type": "LineString", "coordinates": [ [ -80.568945857, 43.475370600000097 ], [ -80.5689273547776, 43.475343528028702 ], [ -80.568903158134603, 43.475318946174603 ], [ -80.568873888741805, 43.4752974860059 ], [ -80.568840298601401, 43.475279698886702 ], [ -80.568803250726305, 43.475266041811501 ], [ -80.568763696967096, 43.4752568656641 ], [ -80.568722653556406, 43.475252406202102 ], [ -80.568681174999895, 43.475252778 ] ] } },
{ "type": "Feature", "properties": { "OBJECTID": 301, "SEGMENT_ID": 80897, "STREET_NAME": "LAURELWOOD DR", "FROM_LEFT": 0.0, "TO_LEFT": 0.0, "FROM_RIGHT": 0.0, "TO_RIGHT": 0.0, "LEFT_PARITY": "Z", "RIGHT_PARITY": "Z", "FROM_STREET": "LAURELWOOD DR", "TO_STREET": "UNKNOWN", "STATUS_PHYSICAL": "BUILT", "STREET_TYPE": "Roundabout", "MAIN_ROAD": "Y", "CARTO_CLASS": "Roundabout", "FLOW_DIRECTION": "FromTo", "NUMBER_LANES": 1.0, "SPEED_ZONE": 50.0, "PLOW_PRIORITY": "2", "FIRE_ROUTE": "Primary", "CUL_DE_SAC": "N", "MEDIAN": null, "LEFT_MUNICIPALITY": "Waterloo", "RIGHT_MUNICIPALITY": "Waterloo", "OWNED_BY": "Waterloo", "MANAGED_BY": "Waterloo", "AADT": null, "AADT_DATE": null, "AADT_SOURCE": null, "LENGTH_M": 33.700626502078528 }, "geometry": { "type": "LineString", "coordinates": [ [ -80.564406753, 43.4764644380001 ], [ -80.564415180058205, 43.476482363865799 ], [ -80.564426032701604, 43.476499587781902 ], [ -80.5644392013578, 43.4765159358491 ], [ -80.564454553071002, 43.476531243010903 ], [ -80.564471932844199, 43.4765453547204 ], [ -80.5644911652047, 43.476558128500201 ], [ -80.564512055975001, 43.476569435381499 ], [ -80.564534394234002, 43.4765791612054 ], [ -80.564557954445903, 43.476587207776497 ], [ -80.564582498737707, 43.4765934938534 ], [ -80.5646077793008, 43.476597955969403 ], [ -80.564633540892899, 43.476600549073197 ], [ -80.564659523415003, 43.476601246984004 ], [ -80.564685464537504, 43.476600042655299 ], [ -80.564711102348994, 43.476596948246602 ], [ -80.564736178, 43.476591995 ] ] } },
{ "type": "Feature", "properties": { "OBJECTID": 314, "SEGMENT_ID": 7216, "STREET_NAME": "ALBERT ST", "FROM_LEFT": 0.0, "TO_LEFT": 0.0, "FROM_RIGHT": 0.0, "TO_RIGHT": 0.0, "LEFT_PARITY": "Z", "RIGHT_PARITY": "Z", "FROM_STREET": "PHILLIP ST", "TO_STREET": "HAZEL ST", "STATUS_PHYSICAL": "BUILT", "STREET_TYPE": "ROAD", "MAIN_ROAD": "Y", "CARTO_CLASS": "Major Collector", "FLOW_DIRECTION": "TwoWay", "NUMBER_LANES": 4.0, "SPEED_ZONE": 60.0, "PLOW_PRIORITY": "2", "FIRE_ROUTE": "Secondary", "CUL_DE_SAC": "N", "MEDIAN": null, "LEFT_MUNICIPALITY": "Waterloo", "RIGHT_MUNICIPALITY": "Waterloo", "OWNED_BY": "Waterloo", "MANAGED_BY": "Waterloo", "AADT": null, "AADT_DATE": null, "AADT_SOURCE": null, "LENGTH_M": 115.98981717919989 }, "geometry": { "type": "LineString", "coordinates": [ [ -80.539634114, 43.484407628 ], [ -80.53975558, 43.484542085 ], [ -80.540122878, 43.484948645 ], [ -80.540395159999903, 43.485250281 ], [ -80.540422211, 43.485280248 ] ] } },
{ "type": "Feature", "properties": { "OBJECTID": 324, "SEGMENT_ID": 9068, "STREET_NAME": "ALBERT ST", "FROM_LEFT": 363.0, "TO_LEFT": 391.0, "FROM_RIGHT": 364.0, "TO_RIGHT": 392.0, "LEFT_PARITY": "O", "RIGHT_PARITY": "E", "FROM_STREET": "COLUMBIA ST W", "TO_STREET": "CARDILL CRES", "STATUS_PHYSICAL": "BUILT", "STREET_TYPE": "ROAD", "MAIN_ROAD": "Y", "CARTO_CLASS": "Major Collector", "FLOW_DIRECTION": "TwoWay", "NUMBER_LANES": 4.0, "SPEED_ZONE": 60.0, "PLOW_PRIORITY": "2", "FIRE_ROUTE": "Secondary", "CUL_DE_SAC": "N", "MEDIAN": null, "LEFT_MUNICIPALITY": "Waterloo", "RIGHT_MUNICIPALITY": "Waterloo", "OWNED_BY": "Waterloo", "MANAGED_BY": "Waterloo", "AADT": null, "AADT_DATE": null, "AADT_SOURCE": null, "LENGTH_M": 270.87878835130385 }, "geometry": { "type": "LineString", "coordinates": [ [ -80.535258825, 43.478644082000102 ], [ -80.535313771999895, 43.478727963 ], [ -80.535529045, 43.479025939000103 ], [ -80.535529836, 43.479027040000098 ], [ -80.535787123, 43.479382785 ], [ -80.535993092, 43.4796677040001 ], [ -80.536407663, 43.480241193 ], [ -80.536572775, 43.480469603000103 ], [ -80.536756684999901, 43.480726908000101 ], [ -80.536812373, 43.480804817 ] ] } },
{ "type": "Feature", "properties": { "OBJECTID": 351, "SEGMENT_ID": 7161, "STREET_NAME": "BLYTHWOOD RD", "FROM_LEFT": 73.0, "TO_LEFT": 77.0, "FROM_RIGHT": 72.0, "TO_RIGHT": 74.0, "LEFT_PARITY": "O", "RIGHT_PARITY": "E", "FROM_STREET": "BLYTHWOOD PL", "TO_STREET": "PARKWOOD CRT", "STATUS_PHYSICAL": "BUILT", "STREET_TYPE": "ROAD", "MAIN_ROAD": "N", "CARTO_CLASS": "Local Street", "FLOW_DIRECTION": "TwoWay", "NUMBER_LANES": 2.0, "SPEED_ZONE": 50.0, "PLOW_PRIORITY": "3", "FIRE_ROUTE": null, "CUL_DE_SAC": "N", "MEDIAN": null, "LEFT_MUNICIPALITY": "Waterloo", "RIGHT_MUNICIPALITY": "Waterloo", "OWNED_BY": "Waterloo", "MANAGED_BY": "Waterloo", "AADT": null, "AADT_DATE": null, "AADT_SOURCE": null, "LENGTH_M": 68.829956128907156 }, "geometry": { "type": "LineString", "coordinates": [ [ -80.532908141, 43.487615717 ], [ -80.533006928, 43.487573194 ], [ -80.533542079, 43.487342841 ], [ -80.533640871, 43.48730032 ] ] } },
{ "type": "Feature", "properties": { "OBJECTID": 353, "SEGMENT_ID": 1849, "STREET_NAME": "AUSTIN DR", "FROM_LEFT": 31.0, "TO_LEFT": 39.0, "FROM_RIGHT": 28.0, "TO_RIGHT": 36.0, "LEFT_PARITY": "O", "RIGHT_PARITY": "E", "FROM_STREET": "HOLLY ST", "TO_STREET": "TAMARACK DR", "STATUS_PHYSICAL": "BUILT", "STREET_TYPE": "ROAD", "MAIN_ROAD": "N", "CARTO_CLASS": "Local Street", "FLOW_DIRECTION": "TwoWay", "NUMBER_LANES": 2.0, "SPEED_ZONE": 50.0, "PLOW_PRIORITY": "3", "FIRE_ROUTE": null, "CUL_DE_SAC": "N", "MEDIAN": null, "LEFT_MUNICIPALITY": "Waterloo", "RIGHT_MUNICIPALITY": "Waterloo", "OWNED_BY": "Waterloo", "MANAGED_BY": "Waterloo", "AADT": null, "AADT_DATE": null, "AADT_SOURCE": null, "LENGTH_M": 97.492567270048511 }, "geometry": { "type": "LineString", "coordinates": [ [ -80.529772765, 43.482541001000101 ], [ -80.530764723999894, 43.482185167000097 ], [ -80.530854214, 43.482153064 ] ] } },
{ "type": "Feature", "properties": { "OBJECTID": 359, "SEGMENT_ID": 80919, "STREET_NAME": "LAURELWOOD DR", "FROM_LEFT": 0.0, "TO_LEFT": 0.0, "FROM_RIGHT": 0.0, "TO_RIGHT": 0.0, "LEFT_PARITY": "Z", "RIGHT_PARITY": "Z", "FROM_STREET": "LAURELWOOD DR", "TO_STREET": "JAMES DOWNEY WAY", "STATUS_PHYSICAL": "BUILT", "STREET_TYPE": "Roundabout", "MAIN_ROAD": "Y", "CARTO_CLASS": "Roundabout", "FLOW_DIRECTION": "FromTo", "NUMBER_LANES": 1.0, "SPEED_ZONE": 50.0, "PLOW_PRIORITY": "2", "FIRE_ROUTE": "Primary", "CUL_DE_SAC": "N", "MEDIAN": null, "LEFT_MUNICIPALITY": "Waterloo", "RIGHT_MUNICIPALITY": "Waterloo", "OWNED_BY": "Waterloo", "MANAGED_BY": "Waterloo", "AADT": null, "AADT_DATE": null, "AADT_SOURCE": null, "LENGTH_M": 32.958266206508412 }, "geometry": { "type": "LineString", "coordinates": [ [ -80.568448028, 43.47545977 ], [ -80.568455124, 43.475488226 ], [ -80.568462679201303, 43.47550401833 ], [ -80.568472126528306, 43.475519263747699 ], [ -80.568483391498901, 43.475533842059498 ], [ -80.568496385301003, 43.475547638331001 ], [ -80.568527136808598, 43.475572456701101 ], [ -80.568563413192095, 43.475592937736003 ], [ -80.5686040727049, 43.4756084368248 ], [ -80.568647835648093, 43.475618466156298 ], [ -80.568693324646404, 43.475622710071697 ], [ -80.568739108, 43.475621035000103 ] ] } },
{ "type": "Feature", "properties": { "OBJECTID": 361, "SEGMENT_ID": 80903, "STREET_NAME": "LAURELWOOD DR", "FROM_LEFT": 0.0, "TO_LEFT": 0.0, "FROM_RIGHT": 0.0, "TO_RIGHT": 0.0, "LEFT_PARITY": "Z", "RIGHT_PARITY": "Z", "FROM_STREET": "JAMES DOWNEY WAY", "TO_STREET": "LAURELWOOD DR", "STATUS_PHYSICAL": "BUILT", "STREET_TYPE": "Roundabout", "MAIN_ROAD": "Y", "CARTO_CLASS": "Roundabout", "FLOW_DIRECTION": "FromTo", "NUMBER_LANES": 1.0, "SPEED_ZONE": 50.0, "PLOW_PRIORITY": "2", "FIRE_ROUTE": "Primary", "CUL_DE_SAC": "N", "MEDIAN": null, "LEFT_MUNICIPALITY": "Waterloo", "RIGHT_MUNICIPALITY": "Waterloo", "OWNED_BY": "Waterloo", "MANAGED_BY": "Waterloo", "AADT": null, "AADT_DATE": null, "AADT_SOURCE": null, "LENGTH_M": 37.15538504465394 }, "geometry": { "type": "LineString", "coordinates": [ [ -80.568739108, 43.475621035000103 ], [ -80.568767299599003, 43.475617016864398 ], [ -80.568794696598999, 43.475610742753098 ], [ -80.568820960158305, 43.475602290263602 ], [ -80.568845765453503, 43.475591763934702 ], [ -80.568868805696994, 43.475579293954397 ], [ -80.568889795930701, 43.475565034549298 ], [ -80.568908476550902, 43.4755491620774 ], [ -80.5689246165188, 43.475531872846801 ], [ -80.568938016217899, 43.475513380687801 ], [ -80.568948509923004, 43.475493914308501 ], [ -80.568955967849703, 43.4754737144657 ], [ -80.568960297759503, 43.475453030987801 ], [ -80.5689614461009, 43.475432119684598 ], [ -80.568959398671296, 43.4754112391837 ], [ -80.568954180793, 43.475390647731601 ], [ -80.568945857, 43.475370600000097 ] ] } },
{ "type": "Feature", "properties": { "OBJECTID": 405, "SEGMENT_ID": 396, "STREET_NAME": "BATAVIA PL", "FROM_LEFT": 311.0, "TO_LEFT": 335.0, "FROM_RIGHT": 312.0, "TO_RIGHT": 344.0, "LEFT_PARITY": "O", "RIGHT_PARITY": "E", "FROM_STREET": "BATAVIA PL", "TO_STREET": "COLUMBIA ST W", "STATUS_PHYSICAL": "BUILT", "STREET_TYPE": "ROAD", "MAIN_ROAD": "N", "CARTO_CLASS": "Local Street", "FLOW_DIRECTION": "TwoWay", "NUMBER_LANES": 2.0, "SPEED_ZONE": 50.0, "PLOW_PRIORITY": "3", "FIRE_ROUTE": null, "CUL_DE_SAC": "N", "MEDIAN": null, "LEFT_MUNICIPALITY": "Waterloo", "RIGHT_MUNICIPALITY": "Waterloo", "OWNED_BY": "Waterloo", "MANAGED_BY": "Waterloo", "AADT": null, "AADT_DATE": null, "AADT_SOURCE": null, "LENGTH_M": 147.01705993676089 }, "geometry": { "type": "LineString", "coordinates": [ [ -80.536352395142259, 43.478169446754912 ], [ -80.536400532, 43.47823534 ] ] } },
{ "type": "Feature", "properties": { "OBJECTID": 408, "SEGMENT_ID": 8142, "STREET_NAME": "PARKWOOD CRT", "FROM_LEFT": 469.0, "TO_LEFT": 479.0, "FROM_RIGHT": 470.0, "TO_RIGHT": 478.0, "LEFT_PARITY": "O", "RIGHT_PARITY": "E", "FROM_STREET": "PARKWOOD CRT", "TO_STREET": "PARKWOOD CRT", "STATUS_PHYSICAL": "BUILT", "STREET_TYPE": "ROAD", "MAIN_ROAD": "N", "CARTO_CLASS": "Local Street", "FLOW_DIRECTION": "TwoWay", "NUMBER_LANES": 2.0, "SPEED_ZONE": 50.0, "PLOW_PRIORITY": "3", "FIRE_ROUTE": null, "CUL_DE_SAC": "N", "MEDIAN": null, "LEFT_MUNICIPALITY": "Waterloo", "RIGHT_MUNICIPALITY": "Waterloo", "OWNED_BY": "Waterloo", "MANAGED_BY": "Waterloo", "AADT": null, "AADT_DATE": null, "AADT_SOURCE": null, "LENGTH_M": 55.930145702028781 }, "geometry": { "type": "LineString", "coordinates": [ [ -80.53367981, 43.488337836 ], [ -80.534273636, 43.488079606 ] ] } },
{ "type": "Feature", "properties": { "OBJECTID": 413, "SEGMENT_ID": 7148, "STREET_NAME": "BARRIE PL", "FROM_LEFT": 421.0, "TO_LEFT": 429.0, "FROM_RIGHT": 422.0, "TO_RIGHT": 428.0, "LEFT_PARITY": "O", "RIGHT_PARITY": "E", "FROM_STREET": "BARRIE PL", "TO_STREET": "MILFORD AVE", "STATUS_PHYSICAL": "BUILT", "STREET_TYPE": "ROAD", "MAIN_ROAD": "N", "CARTO_CLASS": "Local Street", "FLOW_DIRECTION": "TwoWay", "NUMBER_LANES": 2.0, "SPEED_ZONE": 50.0, "PLOW_PRIORITY": "3", "FIRE_ROUTE": null, "CUL_DE_SAC": "N", "MEDIAN": null, "LEFT_MUNICIPALITY": "Waterloo", "RIGHT_MUNICIPALITY": "Waterloo", "OWNED_BY": "Waterloo", "MANAGED_BY": "Waterloo", "AADT": null, "AADT_DATE": null, "AADT_SOURCE": null, "LENGTH_M": 95.119726335919012 }, "geometry": { "type": "LineString", "coordinates": [ [ -80.53144945, 43.485495611 ], [ -80.531621377, 43.485707435000101 ], [ -80.531991414999894, 43.48616321 ], [ -80.532048004, 43.486232910000098 ] ] } },
{ "type": "Feature", "properties": { "OBJECTID": 417, "SEGMENT_ID": 80891, "STREET_NAME": "LAURELWOOD DR", "FROM_LEFT": 0.0, "TO_LEFT": 0.0, "FROM_RIGHT": 0.0, "TO_RIGHT": 0.0, "LEFT_PARITY": "Z", "RIGHT_PARITY": "Z", "FROM_STREET": "JAMES DOWNEY WAY", "TO_STREET": "LAURELWOOD DR", "STATUS_PHYSICAL": "BUILT", "STREET_TYPE": "Roundabout", "MAIN_ROAD": "Y", "CARTO_CLASS": "Roundabout", "FLOW_DIRECTION": "FromTo", "NUMBER_LANES": 1.0, "SPEED_ZONE": 50.0, "PLOW_PRIORITY": "2", "FIRE_ROUTE": "Primary", "CUL_DE_SAC": "N", "MEDIAN": null, "LEFT_MUNICIPALITY": "Waterloo", "RIGHT_MUNICIPALITY": "Waterloo", "OWNED_BY": "Waterloo", "MANAGED_BY": "Waterloo", "AADT": null, "AADT_DATE": null, "AADT_SOURCE": null, "LENGTH_M": 33.064900472443924 }, "geometry": { "type": "LineString", "coordinates": [ [ -80.568681174999895, 43.475252778 ], [ -80.568655857287496, 43.475255391629197 ], [ -80.568631023602904, 43.475259813273901 ], [ -80.568606916545306, 43.4752659997392 ], [ -80.568583771614996, 43.475273890590003 ], [ -80.568561814913707, 43.4752834087408 ], [ -80.568541260935206, 43.475294461209501 ], [ -80.568522310470101, 43.475306940025099 ], [ -80.568505148644604, 43.475320723282699 ], [ -80.568489943111501, 43.475335676334403 ], [ -80.568476842412906, 43.475351653104703 ], [ -80.568465974528806, 43.475368497517302 ], [ -80.568457445626905, 43.475386045020201 ], [ -80.5684513390257, 43.4754041241927 ], [ -80.568447714380099, 43.475422558420298 ], [ -80.568446607099204, 43.475441167620197 ], [ -80.568448028, 43.47545977 ] ] } },
{ "type": "Feature", "properties": { "OBJECTID": 419, "SEGMENT_ID": 7168, "STREET_NAME": "WILDWOOD PL", "FROM_LEFT": 2.0, "TO_LEFT": 20.0, "FROM_RIGHT": 7.0, "TO_RIGHT": 15.0, "LEFT_PARITY": "E", "RIGHT_PARITY": "O", "FROM_STREET": "HAZEL ST", "TO_STREET": "WILDWOOD PL", "STATUS_PHYSICAL": "BUILT", "STREET_TYPE": "ROAD", "MAIN_ROAD": "N", "CARTO_CLASS": "Local Street", "FLOW_DIRECTION": "TwoWay", "NUMBER_LANES": 2.0, "SPEED_ZONE": 50.0, "PLOW_PRIORITY": "3", "FIRE_ROUTE": null, "CUL_DE_SAC": "N", "MEDIAN": null, "LEFT_MUNICIPALITY": "Waterloo", "RIGHT_MUNICIPALITY": "Waterloo", "OWNED_BY": "Waterloo", "MANAGED_BY": "Waterloo", "AADT": null, "AADT_DATE": null, "AADT_SOURCE": null, "LENGTH_M": 118.90629928179436 }, "geometry": { "type": "LineString", "coordinates": [ [ -80.53815215, 43.486166945 ], [ -80.5381841, 43.486242234 ], [ -80.538208775, 43.486300377000099 ], [ -80.538217362999902, 43.486324018000097 ], [ -80.538222839999904, 43.486346439 ], [ -80.538225658, 43.486368339000101 ], [ -80.538225268, 43.486402312000102 ], [ -80.538219404999893, 43.486435243000102 ], [ -80.538207978999907, 43.4864678960001 ], [ -80.538195463, 43.486492251000101 ], [ -80.538179489999905, 43.4865160700001 ], [ -80.53816045, 43.4865386600001 ], [ -80.538138432, 43.486559898000102 ], [ -80.538115365, 43.486578282 ], [ -80.538088096, 43.486596406 ], [ -80.537623141, 43.486878719000103 ], [ -80.537451547, 43.486982912 ] ] } },
{ "type": "Feature", "properties": { "OBJECTID": 432, "SEGMENT_ID": 80894, "STREET_NAME": "LAURELWOOD DR", "FROM_LEFT": 0.0, "TO_LEFT": 0.0, "FROM_RIGHT": 0.0, "TO_RIGHT": 0.0, "LEFT_PARITY": "Z", "RIGHT_PARITY": "Z", "FROM_STREET": "LAURELWOOD DR", "TO_STREET": "LAURELWOOD DR", "STATUS_PHYSICAL": "BUILT", "STREET_TYPE": "Roundabout", "MAIN_ROAD": "Y", "CARTO_CLASS": "Roundabout", "FLOW_DIRECTION": "FromTo", "NUMBER_LANES": 1.0, "SPEED_ZONE": 50.0, "PLOW_PRIORITY": "2", "FIRE_ROUTE": "Primary", "CUL_DE_SAC": "N", "MEDIAN": null, "LEFT_MUNICIPALITY": "Waterloo", "RIGHT_MUNICIPALITY": "Waterloo", "OWNED_BY": "Waterloo", "MANAGED_BY": "Waterloo", "AADT": null, "AADT_DATE": null, "AADT_SOURCE": null, "LENGTH_M": 63.105120092487375 }, "geometry": { "type": "LineString", "coordinates": [ [ -80.564893618, 43.476338974 ], [ -80.564883165214795, 43.476322738841802 ], [ -80.564870644987295, 43.476307296186498 ], [ -80.564856170488596, 43.476292785621403 ], [ -80.564839872554998, 43.476279338308501 ], [ -80.564821898504505, 43.476267075799001 ], [ -80.564802410805996, 43.476256108934798 ], [ -80.564781585610206, 43.476246536846098 ], [ -80.564759611157598, 43.476238446055703 ], [ -80.564713017589497, 43.476226986852197 ], [ -80.564664310945602, 43.476222144710498 ], [ -80.564615248298097, 43.476224094308797 ], [ -80.564567599561798, 43.476232765316198 ], [ -80.564523083645497, 43.476247844929603 ], [ -80.564502508372598, 43.476257626514801 ], [ -80.564483306442597, 43.476268789158098 ], [ -80.564465651423205, 43.476281231959398 ], [ -80.564449702899296, 43.476294842447302 ], [ -80.564435605030894, 43.476309497595601 ], [ -80.564423485249705, 43.476325064935502 ], [ -80.564413453107207, 43.4763414037524 ], [ -80.564405599284797, 43.476358366358703 ], [ -80.564399994773595, 43.476375799428098 ], [ -80.564396690233295, 43.476393545381903 ], [ -80.564395715533905, 43.4764114438129 ], [ -80.564397079485801, 43.4764293329361 ], [ -80.564400769759999, 43.476447051050201 ], [ -80.564406753, 43.4764644380001 ] ] } },
{ "type": "Feature", "properties": { "OBJECTID": 433, "SEGMENT_ID": 1813, "STREET_NAME": "AUSTIN DR", "FROM_LEFT": 41.0, "TO_LEFT": 55.0, "FROM_RIGHT": 44.0, "TO_RIGHT": 58.0, "LEFT_PARITY": "O", "RIGHT_PARITY": "E", "FROM_STREET": "TAMARACK DR", "TO_STREET": "HAZEL ST", "STATUS_PHYSICAL": "BUILT", "STREET_TYPE": "ROAD", "MAIN_ROAD": "N", "CARTO_CLASS": "Local Street", "FLOW_DIRECTION": "TwoWay", "NUMBER_LANES": 2.0, "SPEED_ZONE": 50.0, "PLOW_PRIORITY": "3", "FIRE_ROUTE": null, "CUL_DE_SAC": "N", "MEDIAN": null, "LEFT_MUNICIPALITY": "Waterloo", "RIGHT_MUNICIPALITY": "Waterloo", "OWNED_BY": "Waterloo", "MANAGED_BY": "Waterloo", "AADT": null, "AADT_DATE": null, "AADT_SOURCE": null, "LENGTH_M": 183.53226185858202 }, "geometry": { "type": "LineString", "coordinates": [ [ -80.530854214, 43.482153064 ], [ -80.530954036, 43.482117254000102 ], [ -80.531116198999896, 43.482059080000099 ], [ -80.531467664, 43.481932992000097 ], [ -80.531643407, 43.481869952000103 ], [ -80.531819141, 43.481806905 ], [ -80.531994873, 43.481743866 ], [ -80.532170607, 43.481680818 ], [ -80.532890022999894, 43.481422721000101 ] ] } },
{ "type": "Feature", "properties": { "OBJECTID": 443, "SEGMENT_ID": 7221, "STREET_NAME": "CORRIE CRES", "FROM_LEFT": 245.0, "TO_LEFT": 249.0, "FROM_RIGHT": 248.0, "TO_RIGHT": 250.0, "LEFT_PARITY": "O", "RIGHT_PARITY": "E", "FROM_STREET": "CORRIE CRES", "TO_STREET": "BEARINGER RD", "STATUS_PHYSICAL": "BUILT", "STREET_TYPE": "ROAD", "MAIN_ROAD": "N", "CARTO_CLASS": "Local Street", "FLOW_DIRECTION": "TwoWay", "NUMBER_LANES": 2.0, "SPEED_ZONE": 50.0, "PLOW_PRIORITY": "3", "FIRE_ROUTE": null, "CUL_DE_SAC": "N", "MEDIAN": null, "LEFT_MUNICIPALITY": "Waterloo", "RIGHT_MUNICIPALITY": "Waterloo", "OWNED_BY": "Waterloo", "MANAGED_BY": "Waterloo", "AADT": null, "AADT_DATE": null, "AADT_SOURCE": null, "LENGTH_M": 69.078790407862456 }, "geometry": { "type": "LineString", "coordinates": [ [ -80.550158379, 43.483776657000099 ], [ -80.550700844860614, 43.484255847473882 ], [ -80.550701715999907, 43.484256617 ] ] } },
{ "type": "Feature", "properties": { "OBJECTID": 465, "SEGMENT_ID": 7955, "STREET_NAME": "WEBER ST N", "FROM_LEFT": 473.0, "TO_LEFT": 475.0, "FROM_RIGHT": 470.0, "TO_RIGHT": 486.0, "LEFT_PARITY": "O", "RIGHT_PARITY": "E", "FROM_STREET": "BLYTHWOOD RD", "TO_STREET": "SCHAEFER ST", "STATUS_PHYSICAL": "BUILT", "STREET_TYPE": "REG RD", "MAIN_ROAD": "Y", "CARTO_CLASS": "Regional Arterial", "FLOW_DIRECTION": "TwoWay", "NUMBER_LANES": 4.0, "SPEED_ZONE": 60.0, "PLOW_PRIORITY": "1", "FIRE_ROUTE": "Primary", "CUL_DE_SAC": "N", "MEDIAN": null, "LEFT_MUNICIPALITY": "Waterloo", "RIGHT_MUNICIPALITY": "Waterloo", "OWNED_BY": "Region of Waterloo", "MANAGED_BY": "Region of Waterloo", "AADT": null, "AADT_DATE": null, "AADT_SOURCE": null, "LENGTH_M": 368.62582099504573 }, "geometry": { "type": "LineString", "coordinates": [ [ -80.532124634, 43.487952961000097 ], [ -80.532183402, 43.488025345 ], [ -80.532306403, 43.488173654 ], [ -80.532433622, 43.488320699 ], [ -80.532564626, 43.488465968000099 ], [ -80.532699374999893, 43.488609412000102 ], [ -80.532837819, 43.488750980000098 ], [ -80.532979908, 43.488890618 ], [ -80.533125591, 43.489028280000099 ], [ -80.533274816999906, 43.489163916000102 ], [ -80.533427532, 43.489297476 ], [ -80.533583683, 43.489428915000097 ], [ -80.533743214, 43.489558185000099 ], [ -80.533905594, 43.489684871000101 ], [ -80.534477964, 43.490122654000103 ], [ -80.53499536, 43.490518280000103 ] ] } },
{ "type": "Feature", "properties": { "OBJECTID": 483, "SEGMENT_ID": 7192, "STREET_NAME": "COLUMBIA ST W", "FROM_LEFT": 0.0, "TO_LEFT": 0.0, "FROM_RIGHT": 220.0, "TO_RIGHT": 248.0, "LEFT_PARITY": "O", "RIGHT_PARITY": "E", "FROM_STREET": "HAGEY BLVD", "TO_STREET": "WESTMOUNT RD N", "STATUS_PHYSICAL": "BUILT", "STREET_TYPE": "ROAD", "MAIN_ROAD": "Y", "CARTO_CLASS": "City Arterial", "FLOW_DIRECTION": "TwoWay", "NUMBER_LANES": 4.0, "SPEED_ZONE": 60.0, "PLOW_PRIORITY": "1", "FIRE_ROUTE": "Primary", "CUL_DE_SAC": "N", "MEDIAN": "Yes", "LEFT_MUNICIPALITY": "Waterloo", "RIGHT_MUNICIPALITY": "Waterloo", "OWNED_BY": "Waterloo", "MANAGED_BY": "Waterloo", "AADT": null, "AADT_DATE": null, "AADT_SOURCE": null, "LENGTH_M": 1060.1236463859723 }, "geometry": { "type": "LineString", "coordinates": [ [ -80.546347475999895, 43.474727948000101 ], [ -80.546624839999893, 43.474628592 ], [ -80.547391077, 43.474354103000103 ], [ -80.547722566999894, 43.474235355000097 ], [ -80.547729374, 43.474232916000098 ], [ -80.548803326, 43.473848186000097 ], [ -80.550325018, 43.473303028 ], [ -80.550419698, 43.473269151000103 ], [ -80.550865987, 43.473109454000102 ], [ -80.551140493101528, 43.473011232704188 ], [ -80.551986084, 43.472708671000099 ], [ -80.553648282, 43.472113866 ], [ -80.556469717, 43.471102755000103 ], [ -80.557454728, 43.470749698000098 ], [ -80.557487995, 43.47073778 ], [ -80.557674471, 43.470670938000097 ], [ -80.557795450999905, 43.470627614000101 ], [ -80.558109141, 43.47051543 ] ] } },
{ "type": "Feature", "properties": { "OBJECTID": 490, "SEGMENT_ID": 1799, "STREET_NAME": "HIGH ST", "FROM_LEFT": 9.0, "TO_LEFT": 25.0, "FROM_RIGHT": 12.0, "TO_RIGHT": 24.0, "LEFT_PARITY": "O", "RIGHT_PARITY": "E", "FROM_STREET": "AUSTIN DR", "TO_STREET": "HOLLY ST", "STATUS_PHYSICAL": "BUILT", "STREET_TYPE": "ROAD", "MAIN_ROAD": "N", "CARTO_CLASS": "Local Street", "FLOW_DIRECTION": "TwoWay", "NUMBER_LANES": 2.0, "SPEED_ZONE": 50.0, "PLOW_PRIORITY": "2", "FIRE_ROUTE": null, "CUL_DE_SAC": "N", "MEDIAN": null, "LEFT_MUNICIPALITY": "Waterloo", "RIGHT_MUNICIPALITY": "Waterloo", "OWNED_BY": "Waterloo", "MANAGED_BY": "Waterloo", "AADT": null, "AADT_DATE": null, "AADT_SOURCE": null, "LENGTH_M": 235.44397746298341 }, "geometry": { "type": "LineString", "coordinates": [ [ -80.52797551, 43.483185689 ], [ -80.527888895, 43.482928115 ], [ -80.527885491999896, 43.482929342 ], [ -80.52772772, 43.482460156000101 ], [ -80.527722304999898, 43.482433411 ], [ -80.527721806, 43.482407934 ], [ -80.527725916999898, 43.482382630000103 ], [ -80.527734521, 43.482358074 ], [ -80.527747531, 43.482334707000099 ], [ -80.527764745, 43.482312645 ], [ -80.527785782, 43.482292418 ], [ -80.527810277999905, 43.482274372000099 ], [ -80.527837712, 43.482258879 ], [ -80.527872267, 43.482244271000098 ], [ -80.528710670999899, 43.481943284000103 ], [ -80.528886378, 43.481880202000099 ], [ -80.529136380999901, 43.481790540000098 ], [ -80.529239496999907, 43.481753557 ] ] } },
{ "type": "Feature", "properties": { "OBJECTID": 516, "SEGMENT_ID": 80458, "STREET_NAME": "PARKWOOD CRT", "FROM_LEFT": 0.0, "TO_LEFT": 0.0, "FROM_RIGHT": 0.0, "TO_RIGHT": 0.0, "LEFT_PARITY": "Z", "RIGHT_PARITY": "Z", "FROM_STREET": "CUL-DE-SAC", "TO_STREET": "PARKWOOD CRT", "STATUS_PHYSICAL": "BUILT", "STREET_TYPE": "ROAD", "MAIN_ROAD": "N", "CARTO_CLASS": "Local Street", "FLOW_DIRECTION": "TwoWay", "NUMBER_LANES": 2.0, "SPEED_ZONE": 50.0, "PLOW_PRIORITY": "3", "FIRE_ROUTE": null, "CUL_DE_SAC": "Y", "MEDIAN": null, "LEFT_MUNICIPALITY": "Waterloo", "RIGHT_MUNICIPALITY": "Waterloo", "OWNED_BY": "Waterloo", "MANAGED_BY": "Waterloo", "AADT": null, "AADT_DATE": null, "AADT_SOURCE": null, "LENGTH_M": 63.823994746816261 }, "geometry": { "type": "LineString", "coordinates": [ [ -80.53367981, 43.488337836 ], [ -80.533549299999905, 43.48832071 ], [ -80.533531258, 43.488319180000097 ], [ -80.533513110999905, 43.488319747 ], [ -80.533495535, 43.488322366 ], [ -80.533477542999904, 43.488327365 ], [ -80.533461121999906, 43.488334391000102 ], [ -80.533446531, 43.488343301 ], [ -80.5334341719999, 43.488353852 ], [ -80.533424151, 43.488366033 ], [ -80.533417949, 43.488377306000103 ], [ -80.533414018, 43.4883894640001 ], [ -80.533412627, 43.4884019140001 ], [ -80.533413807, 43.488414379000098 ], [ -80.533417528, 43.4884265640001 ], [ -80.533423711, 43.488438206000097 ], [ -80.533432219, 43.4884490540001 ], [ -80.533442857999901, 43.488458853000097 ], [ -80.533455387999894, 43.488467385 ], [ -80.53346952, 43.488474455000102 ], [ -80.533484946, 43.488479906000101 ], [ -80.5335013279999, 43.4884836190001 ], [ -80.53351829, 43.48848551 ], [ -80.533535448, 43.488485534000098 ], [ -80.533551984, 43.48848374 ], [ -80.533570388, 43.488479509000101 ], [ -80.533587215, 43.488473269000103 ], [ -80.533602403, 43.488465099000102 ], [ -80.533615539, 43.488455221 ], [ -80.533626265, 43.488443905000103 ], [ -80.533634796999905, 43.488430671000103 ], [ -80.53367981, 43.488337836 ] ] } },
{ "type": "Feature", "properties": { "OBJECTID": 519, "SEGMENT_ID": 7267, "STREET_NAME": "WEBER ST N", "FROM_LEFT": 509.0, "TO_LEFT": 517.0, "FROM_RIGHT": 510.0, "TO_RIGHT": 510.0, "LEFT_PARITY": "O", "RIGHT_PARITY": "E", "FROM_STREET": "ALBERT ST", "TO_STREET": "DUTTON DR", "STATUS_PHYSICAL": "BUILT", "STREET_TYPE": "REG RD", "MAIN_ROAD": "Y", "CARTO_CLASS": "Regional Arterial", "FLOW_DIRECTION": "TwoWay", "NUMBER_LANES": 4.0, "SPEED_ZONE": 60.0, "PLOW_PRIORITY": "1", "FIRE_ROUTE": "Primary", "CUL_DE_SAC": "N", "MEDIAN": null, "LEFT_MUNICIPALITY": "Waterloo", "RIGHT_MUNICIPALITY": "Waterloo", "OWNED_BY": "Region of Waterloo", "MANAGED_BY": "Region of Waterloo", "AADT": null, "AADT_DATE": null, "AADT_SOURCE": null, "LENGTH_M": 123.00220930195832 }, "geometry": { "type": "LineString", "coordinates": [ [ -80.537308429999896, 43.491879277000102 ], [ -80.537446389019038, 43.491915843740387 ] ] } },
{ "type": "Feature", "properties": { "OBJECTID": 530, "SEGMENT_ID": 80890, "STREET_NAME": "FISCHER-HALLMAN RD N", "FROM_LEFT": 0.0, "TO_LEFT": 0.0, "FROM_RIGHT": 500.0, "TO_RIGHT": 500.0, "LEFT_PARITY": "O", "RIGHT_PARITY": "E", "FROM_STREET": "GATESTONE BLVD", "TO_STREET": "LAURELWOOD DR", "STATUS_PHYSICAL": "BUILT", "STREET_TYPE": "REG RD", "MAIN_ROAD": "Y", "CARTO_CLASS": "Regional Arterial", "FLOW_DIRECTION": "TwoWay", "NUMBER_LANES": 2.0, "SPEED_ZONE": 40.0, "PLOW_PRIORITY": "1", "FIRE_ROUTE": "Primary", "CUL_DE_SAC": "N", "MEDIAN": null, "LEFT_MUNICIPALITY": "Waterloo", "RIGHT_MUNICIPALITY": "Waterloo", "OWNED_BY": "Region of Waterloo", "MANAGED_BY": "Region of Waterloo", "AADT": null, "AADT_DATE": null, "AADT_SOURCE": null, "LENGTH_M": 608.5043209772349 }, "geometry": { "type": "LineString", "coordinates": [ [ -80.568551156, 43.470295654 ], [ -80.568658296, 43.470411382000101 ], [ -80.568744107, 43.470510328 ], [ -80.568826273999903, 43.4705928240001 ], [ -80.568930931, 43.470686363 ], [ -80.569020678999905, 43.470760668 ], [ -80.569129137999894, 43.470848741000097 ], [ -80.569454476, 43.471118440000097 ], [ -80.569761145, 43.4713688900001 ], [ -80.5705871709999, 43.472114405000099 ], [ -80.571330966999895, 43.472788378000097 ], [ -80.571454323, 43.472898421 ], [ -80.571555187999905, 43.472997422 ], [ -80.571637284, 43.473090873 ], [ -80.571715581, 43.473189789000102 ], [ -80.571801304, 43.47330243 ], [ -80.571875761999905, 43.473412290000098 ], [ -80.571938916, 43.473524846 ], [ -80.571994431, 43.473653811000098 ], [ -80.572031255, 43.473766270000098 ], [ -80.572067961999906, 43.473895165 ], [ -80.572097127999896, 43.474026770000101 ], [ -80.572126294, 43.4741997040001 ], [ -80.572154542, 43.474356847000102 ], [ -80.572185266, 43.474541208000097 ], [ -80.572247720922249, 43.47490633654602 ], [ -80.572247720999897, 43.474906337 ] ] } },
{ "type": "Feature", "properties": { "OBJECTID": 548, "SEGMENT_ID": 8108, "STREET_NAME": "BELCAN PL", "FROM_LEFT": 70.0, "TO_LEFT": 70.0, "FROM_RIGHT": 65.0, "TO_RIGHT": 65.0, "LEFT_PARITY": "E", "RIGHT_PARITY": "O", "FROM_STREET": "WEBER ST N", "TO_STREET": "CUL-DE-SAC", "STATUS_PHYSICAL": "BUILT", "STREET_TYPE": "ROAD", "MAIN_ROAD": "N", "CARTO_CLASS": "Local Street", "FLOW_DIRECTION": "TwoWay", "NUMBER_LANES": 2.0, "SPEED_ZONE": 50.0, "PLOW_PRIORITY": "3", "FIRE_ROUTE": null, "CUL_DE_SAC": "N", "MEDIAN": null, "LEFT_MUNICIPALITY": "Waterloo", "RIGHT_MUNICIPALITY": "Waterloo", "OWNED_BY": "Waterloo", "MANAGED_BY": "Waterloo", "AADT": null, "AADT_DATE": null, "AADT_SOURCE": null, "LENGTH_M": 123.86722678014479 }, "geometry": { "type": "LineString", "coordinates": [ [ -80.536570693, 43.491605687000103 ], [ -80.536535296, 43.4916281920001 ], [ -80.536491602741293, 43.491655971109751 ] ] } },
{ "type": "Feature", "properties": { "OBJECTID": 570, "SEGMENT_ID": 7173, "STREET_NAME": "HAZEL ST", "FROM_LEFT": 465.0, "TO_LEFT": 465.0, "FROM_RIGHT": 0.0, "TO_RIGHT": 0.0, "LEFT_PARITY": "O", "RIGHT_PARITY": "E", "FROM_STREET": "WILDWOOD PL", "TO_STREET": "ALBERT ST", "STATUS_PHYSICAL": "BUILT", "STREET_TYPE": "ROAD", "MAIN_ROAD": "N", "CARTO_CLASS": "Minor Collector", "FLOW_DIRECTION": "TwoWay", "NUMBER_LANES": 2.0, "SPEED_ZONE": 50.0, "PLOW_PRIORITY": "2", "FIRE_ROUTE": "Secondary", "CUL_DE_SAC": "N", "MEDIAN": null, "LEFT_MUNICIPALITY": "Waterloo", "RIGHT_MUNICIPALITY": "Waterloo", "OWNED_BY": "Waterloo", "MANAGED_BY": "Waterloo", "AADT": null, "AADT_DATE": null, "AADT_SOURCE": null, "LENGTH_M": 208.60583937300873 }, "geometry": { "type": "LineString", "coordinates": [ [ -80.53815215, 43.486166945 ], [ -80.538200868, 43.486151888000101 ], [ -80.53824033, 43.4861323330001 ], [ -80.538308291, 43.486091053000102 ], [ -80.538355059, 43.486064779000102 ], [ -80.538402463999901, 43.486042126 ], [ -80.538454165, 43.4860213420001 ], [ -80.538608475, 43.485964815 ], [ -80.539183223, 43.485745342 ], [ -80.540156477, 43.4853816890001 ], [ -80.540422211, 43.485280248 ] ] } },
{ "type": "Feature", "properties": { "OBJECTID": 576, "SEGMENT_ID": 1856, "STREET_NAME": "SPRUCE ST", "FROM_LEFT": 309.0, "TO_LEFT": 347.0, "FROM_RIGHT": 310.0, "TO_RIGHT": 348.0, "LEFT_PARITY": "O", "RIGHT_PARITY": "E", "FROM_STREET": "HICKORY ST W", "TO_STREET": "COLUMBIA ST W", "STATUS_PHYSICAL": "BUILT", "STREET_TYPE": "ROAD", "MAIN_ROAD": "N", "CARTO_CLASS": "Local Street", "FLOW_DIRECTION": "TwoWay", "NUMBER_LANES": 2.0, "SPEED_ZONE": 50.0, "PLOW_PRIORITY": "3", "FIRE_ROUTE": null, "CUL_DE_SAC": "N", "MEDIAN": null, "LEFT_MUNICIPALITY": "Waterloo", "RIGHT_MUNICIPALITY": "Waterloo", "OWNED_BY": "Waterloo", "MANAGED_BY": "Waterloo", "AADT": null, "AADT_DATE": null, "AADT_SOURCE": null, "LENGTH_M": 392.81897056634386 }, "geometry": { "type": "LineString", "coordinates": [ [ -80.527429079399639, 43.481395024770237 ], [ -80.527441999, 43.481443936000097 ] ] } },
{ "type": "Feature", "properties": { "OBJECTID": 595, "SEGMENT_ID": 393, "STREET_NAME": "COLUMBIA ST W", "FROM_LEFT": 133.0, "TO_LEFT": 151.0, "FROM_RIGHT": 132.0, "TO_RIGHT": 140.0, "LEFT_PARITY": "O", "RIGHT_PARITY": "E", "FROM_STREET": "LESTER ST", "TO_STREET": "PHILLIP ST", "STATUS_PHYSICAL": "BUILT", "STREET_TYPE": "ROAD", "MAIN_ROAD": "Y", "CARTO_CLASS": "City Arterial", "FLOW_DIRECTION": "TwoWay", "NUMBER_LANES": 4.0, "SPEED_ZONE": 50.0, "PLOW_PRIORITY": "1", "FIRE_ROUTE": "Primary", "CUL_DE_SAC": "N", "MEDIAN": null, "LEFT_MUNICIPALITY": "Waterloo", "RIGHT_MUNICIPALITY": "Waterloo", "OWNED_BY": "Waterloo", "MANAGED_BY": "Waterloo", "AADT": null, "AADT_DATE": null, "AADT_SOURCE": null, "LENGTH_M": 205.55344839738342 }, "geometry": { "type": "LineString", "coordinates": [ [ -80.537651318, 43.477787529000103 ], [ -80.537762319, 43.477747787000098 ], [ -80.539932093999894, 43.476970834 ] ] } },
{ "type": "Feature", "properties": { "OBJECTID": 617, "SEGMENT_ID": 8985, "STREET_NAME": "COLUMBIA ST E", "FROM_LEFT": 0.0, "TO_LEFT": 0.0, "FROM_RIGHT": 0.0, "TO_RIGHT": 0.0, "LEFT_PARITY": "Z", "RIGHT_PARITY": "Z", "FROM_STREET": "KING ST N", "TO_STREET": "REGINA ST N", "STATUS_PHYSICAL": "BUILT", "STREET_TYPE": "ROAD", "MAIN_ROAD": "Y", "CARTO_CLASS": "City Arterial", "FLOW_DIRECTION": "TwoWay", "NUMBER_LANES": 4.0, "SPEED_ZONE": 50.0, "PLOW_PRIORITY": "1", "FIRE_ROUTE": "Primary", "CUL_DE_SAC": "N", "MEDIAN": null, "LEFT_MUNICIPALITY": "Waterloo", "RIGHT_MUNICIPALITY": "Waterloo", "OWNED_BY": "Waterloo", "MANAGED_BY": "Waterloo", "AADT": null, "AADT_DATE": null, "AADT_SOURCE": null, "LENGTH_M": 104.22730388499222 }, "geometry": { "type": "LineString", "coordinates": [ [ -80.526138231999894, 43.481916340000097 ], [ -80.525245361, 43.482243277000102 ], [ -80.524996755, 43.482351189 ] ] } },
{ "type": "Feature", "properties": { "OBJECTID": 651, "SEGMENT_ID": 394, "STREET_NAME": "COLUMBIA ST W", "FROM_LEFT": 113.0, "TO_LEFT": 113.0, "FROM_RIGHT": 106.0, "TO_RIGHT": 116.0, "LEFT_PARITY": "O", "RIGHT_PARITY": "E", "FROM_STREET": "ALBERT ST", "TO_STREET": "BATAVIA PL", "STATUS_PHYSICAL": "BUILT", "STREET_TYPE": "ROAD", "MAIN_ROAD": "Y", "CARTO_CLASS": "City Arterial", "FLOW_DIRECTION": "TwoWay", "NUMBER_LANES": 4.0, "SPEED_ZONE": 50.0, "PLOW_PRIORITY": "1", "FIRE_ROUTE": "Primary", "CUL_DE_SAC": "N", "MEDIAN": null, "LEFT_MUNICIPALITY": "Waterloo", "RIGHT_MUNICIPALITY": "Waterloo", "OWNED_BY": "Waterloo", "MANAGED_BY": "Waterloo", "AADT": null, "AADT_DATE": null, "AADT_SOURCE": null, "LENGTH_M": 102.89036502920341 }, "geometry": { "type": "LineString", "coordinates": [ [ -80.535258825, 43.478644082000102 ], [ -80.536400532, 43.47823534 ] ] } },
{ "type": "Feature", "properties": { "OBJECTID": 652, "SEGMENT_ID": 1857, "STREET_NAME": "COLUMBIA ST W", "FROM_LEFT": 1.0, "TO_LEFT": 11.0, "FROM_RIGHT": 8.0, "TO_RIGHT": 12.0, "LEFT_PARITY": "O", "RIGHT_PARITY": "E", "FROM_STREET": "KING ST N", "TO_STREET": "SPRUCE ST", "STATUS_PHYSICAL": "BUILT", "STREET_TYPE": "ROAD", "MAIN_ROAD": "Y", "CARTO_CLASS": "City Arterial", "FLOW_DIRECTION": "TwoWay", "NUMBER_LANES": 4.0, "SPEED_ZONE": 50.0, "PLOW_PRIORITY": "1", "FIRE_ROUTE": "Primary", "CUL_DE_SAC": "N", "MEDIAN": null, "LEFT_MUNICIPALITY": "Waterloo", "RIGHT_MUNICIPALITY": "Waterloo", "OWNED_BY": "Waterloo", "MANAGED_BY": "Waterloo", "AADT": null, "AADT_DATE": null, "AADT_SOURCE": null, "LENGTH_M": 117.76909993532973 }, "geometry": { "type": "LineString", "coordinates": [ [ -80.526138231999894, 43.481916340000097 ], [ -80.526789581999907, 43.481677833 ], [ -80.527441999, 43.481443936000097 ] ] } },
{ "type": "Feature", "properties": { "OBJECTID": 769, "SEGMENT_ID": 7234, "STREET_NAME": "REGINA ST N", "FROM_LEFT": 313.0, "TO_LEFT": 335.0, "FROM_RIGHT": 314.0, "TO_RIGHT": 360.0, "LEFT_PARITY": "O", "RIGHT_PARITY": "E", "FROM_STREET": "HICKORY ST E", "TO_STREET": "COLUMBIA ST E", "STATUS_PHYSICAL": "BUILT", "STREET_TYPE": "ROAD", "MAIN_ROAD": "N", "CARTO_CLASS": "Minor Collector", "FLOW_DIRECTION": "TwoWay", "NUMBER_LANES": 2.0, "SPEED_ZONE": 50.0, "PLOW_PRIORITY": "2", "FIRE_ROUTE": null, "CUL_DE_SAC": "N", "MEDIAN": null, "LEFT_MUNICIPALITY": "Waterloo", "RIGHT_MUNICIPALITY": "Waterloo", "OWNED_BY": "Waterloo", "MANAGED_BY": "Waterloo", "AADT": null, "AADT_DATE": null, "AADT_SOURCE": null, "LENGTH_M": 383.02715338180747 }, "geometry": { "type": "LineString", "coordinates": [ [ -80.524988644270081, 43.482312508180719 ], [ -80.524996755, 43.482351189 ] ] } },
{ "type": "Feature", "properties": { "OBJECTID": 780, "SEGMENT_ID": 80457, "STREET_NAME": "PARKWOOD CRT", "FROM_LEFT": 0.0, "TO_LEFT": 0.0, "FROM_RIGHT": 0.0, "TO_RIGHT": 0.0, "LEFT_PARITY": "Z", "RIGHT_PARITY": "Z", "FROM_STREET": "PARKWOOD CRT", "TO_STREET": "CUL-DE-SAC", "STATUS_PHYSICAL": "BUILT", "STREET_TYPE": "ROAD", "MAIN_ROAD": "N", "CARTO_CLASS": "Local Street", "FLOW_DIRECTION": "TwoWay", "NUMBER_LANES": 2.0, "SPEED_ZONE": 50.0, "PLOW_PRIORITY": "3", "FIRE_ROUTE": null, "CUL_DE_SAC": "Y", "MEDIAN": null, "LEFT_MUNICIPALITY": "Waterloo", "RIGHT_MUNICIPALITY": "Waterloo", "OWNED_BY": "Waterloo", "MANAGED_BY": "Waterloo", "AADT": null, "AADT_DATE": null, "AADT_SOURCE": null, "LENGTH_M": 64.360837178479528 }, "geometry": { "type": "LineString", "coordinates": [ [ -80.534842762, 43.487835078 ], [ -80.534956840999897, 43.487865924000097 ], [ -80.534974092, 43.48787194 ], [ -80.534992498, 43.487875782000103 ], [ -80.535011395, 43.487877331 ], [ -80.535030408999901, 43.487876575 ], [ -80.535048990999897, 43.487873534000101 ], [ -80.535066622, 43.487868291 ], [ -80.535082801, 43.487860997 ], [ -80.535097094, 43.487851849 ], [ -80.535109112, 43.487841093 ], [ -80.535118515, 43.4878290340001 ], [ -80.53512504, 43.487816007 ], [ -80.5351285899999, 43.487802051000102 ], [ -80.535129, 43.487789913 ], [ -80.535126855, 43.487777519000097 ], [ -80.535122192999907, 43.487765502000101 ], [ -80.535115114, 43.487754124 ], [ -80.535105786, 43.48774365 ], [ -80.535094412, 43.487734307 ], [ -80.535081245, 43.487726306000098 ], [ -80.535066579, 43.487719824000102 ], [ -80.535050747999904, 43.48771501 ], [ -80.535034571, 43.487712057000103 ], [ -80.535015147, 43.4877108210001 ], [ -80.534996167, 43.487711922000102 ], [ -80.534977698, 43.4877153 ], [ -80.534960253999898, 43.487720861000099 ], [ -80.534944587, 43.487728323000098 ], [ -80.534929531, 43.48773857 ], [ -80.534917385, 43.487750416 ], [ -80.534908306, 43.487763638 ], [ -80.534842762, 43.487835078 ] ] } },
{ "type": "Feature", "properties": { "OBJECTID": 788, "SEGMENT_ID": 1833, "STREET_NAME": "AUSTIN DR", "FROM_LEFT": 65.0, "TO_LEFT": 69.0, "FROM_RIGHT": 60.0, "TO_RIGHT": 68.0, "LEFT_PARITY": "O", "RIGHT_PARITY": "E", "FROM_STREET": "HAZEL ST", "TO_STREET": "CARDILL CRES", "STATUS_PHYSICAL": "BUILT", "STREET_TYPE": "ROAD", "MAIN_ROAD": "N", "CARTO_CLASS": "Local Street", "FLOW_DIRECTION": "TwoWay", "NUMBER_LANES": 2.0, "SPEED_ZONE": 50.0, "PLOW_PRIORITY": "3", "FIRE_ROUTE": null, "CUL_DE_SAC": "N", "MEDIAN": null, "LEFT_MUNICIPALITY": "Waterloo", "RIGHT_MUNICIPALITY": "Waterloo", "OWNED_BY": "Waterloo", "MANAGED_BY": "Waterloo", "AADT": null, "AADT_DATE": null, "AADT_SOURCE": null, "LENGTH_M": 94.269632914813357 }, "geometry": { "type": "LineString", "coordinates": [ [ -80.532890022999894, 43.481422721000101 ], [ -80.532994641999906, 43.481385188 ], [ -80.533825985, 43.481086934000103 ], [ -80.533935681999907, 43.481047579000098 ] ] } },
{ "type": "Feature", "properties": { "OBJECTID": 829, "SEGMENT_ID": 7961, "STREET_NAME": "SCHAEFER ST", "FROM_LEFT": 57.0, "TO_LEFT": 73.0, "FROM_RIGHT": 60.0, "TO_RIGHT": 72.0, "LEFT_PARITY": "O", "RIGHT_PARITY": "E", "FROM_STREET": "SCHAEFER ST", "TO_STREET": "WEBER ST N", "STATUS_PHYSICAL": "BUILT", "STREET_TYPE": "ROAD", "MAIN_ROAD": "N", "CARTO_CLASS": "Local Street", "FLOW_DIRECTION": "TwoWay", "NUMBER_LANES": 2.0, "SPEED_ZONE": 50.0, "PLOW_PRIORITY": "3", "FIRE_ROUTE": null, "CUL_DE_SAC": "N", "MEDIAN": null, "LEFT_MUNICIPALITY": "Waterloo", "RIGHT_MUNICIPALITY": "Waterloo", "OWNED_BY": "Waterloo", "MANAGED_BY": "Waterloo", "AADT": null, "AADT_DATE": null, "AADT_SOURCE": null, "LENGTH_M": 179.20116842252486 }, "geometry": { "type": "LineString", "coordinates": [ [ -80.534860424603409, 43.490582350432717 ], [ -80.53499536, 43.490518280000103 ] ] } },
{ "type": "Feature", "properties": { "OBJECTID": 852, "SEGMENT_ID": 7144, "STREET_NAME": "MILFORD AVE", "FROM_LEFT": 75.0, "TO_LEFT": 97.0, "FROM_RIGHT": 72.0, "TO_RIGHT": 104.0, "LEFT_PARITY": "O", "RIGHT_PARITY": "E", "FROM_STREET": "BARRIE PL", "TO_STREET": "TAMARACK DR", "STATUS_PHYSICAL": "BUILT", "STREET_TYPE": "ROAD", "MAIN_ROAD": "N", "CARTO_CLASS": "Local Street", "FLOW_DIRECTION": "TwoWay", "NUMBER_LANES": 2.0, "SPEED_ZONE": 40.0, "PLOW_PRIORITY": "2", "FIRE_ROUTE": null, "CUL_DE_SAC": "N", "MEDIAN": null, "LEFT_MUNICIPALITY": "Waterloo", "RIGHT_MUNICIPALITY": "Waterloo", "OWNED_BY": "Waterloo", "MANAGED_BY": "Waterloo", "AADT": null, "AADT_DATE": null, "AADT_SOURCE": null, "LENGTH_M": 269.61011223507222 }, "geometry": { "type": "LineString", "coordinates": [ [ -80.532048004, 43.486232910000098 ], [ -80.532146816, 43.486190295 ], [ -80.532299549999905, 43.486124573 ], [ -80.533765172999907, 43.485578916000101 ], [ -80.533886556, 43.48553123 ], [ -80.534005974, 43.485479193000103 ], [ -80.534122097, 43.4854233390001 ], [ -80.534234690999895, 43.485363779000103 ], [ -80.534342561999907, 43.485301195 ], [ -80.53436479, 43.4852877000001 ], [ -80.534793795, 43.485027155000097 ], [ -80.534881927999905, 43.484973629000102 ] ] } },
{ "type": "Feature", "properties": { "OBJECTID": 877, "SEGMENT_ID": 4746, "STREET_NAME": "OLD POST RD", "FROM_LEFT": 351.0, "TO_LEFT": 355.0, "FROM_RIGHT": 0.0, "TO_RIGHT": 0.0, "LEFT_PARITY": "O", "RIGHT_PARITY": "E", "FROM_STREET": "POMMEL GATE CRES", "TO_STREET": "COLUMBIA ST W", "STATUS_PHYSICAL": "BUILT", "STREET_TYPE": "ROAD", "MAIN_ROAD": "N", "CARTO_CLASS": "Local Street", "FLOW_DIRECTION": "TwoWay", "NUMBER_LANES": 2.0, "SPEED_ZONE": 50.0, "PLOW_PRIORITY": "3", "FIRE_ROUTE": "Secondary", "CUL_DE_SAC": "N", "MEDIAN": null, "LEFT_MUNICIPALITY": "Waterloo", "RIGHT_MUNICIPALITY": "Waterloo", "OWNED_BY": "Waterloo", "MANAGED_BY": "Waterloo", "AADT": null, "AADT_DATE": null, "AADT_SOURCE": null, "LENGTH_M": 70.284386552394039 }, "geometry": { "type": "LineString", "coordinates": [ [ -80.559487023423614, 43.469843998658042 ], [ -80.559499363, 43.469862298000102 ], [ -80.55958115, 43.469983583 ] ] } },
{ "type": "Feature", "properties": { "OBJECTID": 897, "SEGMENT_ID": 730, "STREET_NAME": "TAMARACK DR", "FROM_LEFT": 403.0, "TO_LEFT": 407.0, "FROM_RIGHT": 398.0, "TO_RIGHT": 410.0, "LEFT_PARITY": "O", "RIGHT_PARITY": "E", "FROM_STREET": "SORREL PL", "TO_STREET": "SMALLWOOD DR", "STATUS_PHYSICAL": "BUILT", "STREET_TYPE": "ROAD", "MAIN_ROAD": "N", "CARTO_CLASS": "Local Street", "FLOW_DIRECTION": "TwoWay", "NUMBER_LANES": 2.0, "SPEED_ZONE": 50.0, "PLOW_PRIORITY": "3", "FIRE_ROUTE": null, "CUL_DE_SAC": "N", "MEDIAN": null, "LEFT_MUNICIPALITY": "Waterloo", "RIGHT_MUNICIPALITY": "Waterloo", "OWNED_BY": "Waterloo", "MANAGED_BY": "Waterloo", "AADT": null, "AADT_DATE": null, "AADT_SOURCE": null, "LENGTH_M": 107.40539817445421 }, "geometry": { "type": "LineString", "coordinates": [ [ -80.531908689, 43.483197258000096 ], [ -80.531911674, 43.483198668000099 ], [ -80.532011975, 43.483244296000102 ], [ -80.532127211, 43.4832881090001 ], [ -80.5322448699999, 43.483326485000099 ], [ -80.532356363, 43.483357341 ], [ -80.532468438, 43.483383278000098 ], [ -80.532833829, 43.483459754000101 ], [ -80.532854755999907, 43.483464256 ], [ -80.5329218749999, 43.483480474 ], [ -80.532986925, 43.483498864000097 ], [ -80.533050622, 43.483519594 ], [ -80.53311294, 43.483542668 ], [ -80.533137533999906, 43.483552934 ] ] } },
{ "type": "Feature", "properties": { "OBJECTID": 963, "SEGMENT_ID": 80917, "STREET_NAME": "JAMES DOWNEY WAY", "FROM_LEFT": null, "TO_LEFT": null, "FROM_RIGHT": null, "TO_RIGHT": null, "LEFT_PARITY": "U", "RIGHT_PARITY": "U", "FROM_STREET": "LAURELWOOD DR", "TO_STREET": null, "STATUS_PHYSICAL": "BUILT", "STREET_TYPE": "ROAD", "MAIN_ROAD": "N", "CARTO_CLASS": "Private", "FLOW_DIRECTION": "TwoWay", "NUMBER_LANES": 2.0, "SPEED_ZONE": null, "PLOW_PRIORITY": "Other", "FIRE_ROUTE": null, "CUL_DE_SAC": "N", "MEDIAN": null, "LEFT_MUNICIPALITY": "Waterloo", "RIGHT_MUNICIPALITY": "Waterloo", "OWNED_BY": "Private", "MANAGED_BY": "Private", "AADT": null, "AADT_DATE": null, "AADT_SOURCE": null, "LENGTH_M": 113.23348442989302 }, "geometry": { "type": "LineString", "coordinates": [ [ -80.568739108, 43.475621035000103 ], [ -80.568789082, 43.475772038000102 ], [ -80.568917395, 43.476129882000102 ], [ -80.568938685223202, 43.476189728967498 ], [ -80.5689545617644, 43.476250451853701 ], [ -80.5689649567191, 43.476311790945203 ], [ -80.568969825627903, 43.4763734838928 ], [ -80.568969147666195, 43.476435266834102 ], [ -80.5689629257338, 43.476496875521804 ], [ -80.568951186441893, 43.476558046453697 ], [ -80.568933979999898, 43.476618518000102 ] ] } },
{ "type": "Feature", "properties": { "OBJECTID": 1005, "SEGMENT_ID": 8104, "STREET_NAME": "LONGWOOD DR", "FROM_LEFT": 135.0, "TO_LEFT": 137.0, "FROM_RIGHT": 138.0, "TO_RIGHT": 138.0, "LEFT_PARITY": "O", "RIGHT_PARITY": "E", "FROM_STREET": "LONGWOOD DR", "TO_STREET": "MOCCASIN DR", "STATUS_PHYSICAL": "BUILT", "STREET_TYPE": "ROAD", "MAIN_ROAD": "N", "CARTO_CLASS": "Local Street", "FLOW_DIRECTION": "TwoWay", "NUMBER_LANES": 2.0, "SPEED_ZONE": 50.0, "PLOW_PRIORITY": "3", "FIRE_ROUTE": null, "CUL_DE_SAC": "N", "MEDIAN": null, "LEFT_MUNICIPALITY": "Waterloo", "RIGHT_MUNICIPALITY": "Waterloo", "OWNED_BY": "Waterloo", "MANAGED_BY": "Waterloo", "AADT": null, "AADT_DATE": null, "AADT_SOURCE": null, "LENGTH_M": 41.755411408993069 }, "geometry": { "type": "LineString", "coordinates": [ [ -80.538526277999907, 43.489725611 ], [ -80.538831788, 43.4898635710001 ], [ -80.538886859999906, 43.489889747000099 ], [ -80.538957952, 43.489931251 ] ] } },
{ "type": "Feature", "properties": { "OBJECTID": 1020, "SEGMENT_ID": 728, "STREET_NAME": "SORREL PL", "FROM_LEFT": 43.0, "TO_LEFT": 53.0, "FROM_RIGHT": 44.0, "TO_RIGHT": 52.0, "LEFT_PARITY": "O", "RIGHT_PARITY": "E", "FROM_STREET": "TAMARACK DR", "TO_STREET": "SORREL PL", "STATUS_PHYSICAL": "BUILT", "STREET_TYPE": "ROAD", "MAIN_ROAD": "N", "CARTO_CLASS": "Local Street", "FLOW_DIRECTION": "TwoWay", "NUMBER_LANES": 2.0, "SPEED_ZONE": 50.0, "PLOW_PRIORITY": "3", "FIRE_ROUTE": null, "CUL_DE_SAC": "N", "MEDIAN": null, "LEFT_MUNICIPALITY": "Waterloo", "RIGHT_MUNICIPALITY": "Waterloo", "OWNED_BY": "Waterloo", "MANAGED_BY": "Waterloo", "AADT": null, "AADT_DATE": null, "AADT_SOURCE": null, "LENGTH_M": 64.38938924539157 }, "geometry": { "type": "LineString", "coordinates": [ [ -80.531908689, 43.483197258000096 ], [ -80.531969500999907, 43.483130157000097 ], [ -80.532260015, 43.482809603000099 ], [ -80.532347268, 43.482713367 ] ] } },
{ "type": "Feature", "properties": { "OBJECTID": 1038, "SEGMENT_ID": 8105, "STREET_NAME": "LONGWOOD DR", "FROM_LEFT": 133.0, "TO_LEFT": 133.0, "FROM_RIGHT": 130.0, "TO_RIGHT": 130.0, "LEFT_PARITY": "O", "RIGHT_PARITY": "E", "FROM_STREET": "GREENBRIER DR", "TO_STREET": "LONGWOOD DR", "STATUS_PHYSICAL": "BUILT", "STREET_TYPE": "ROAD", "MAIN_ROAD": "N", "CARTO_CLASS": "Local Street", "FLOW_DIRECTION": "TwoWay", "NUMBER_LANES": 2.0, "SPEED_ZONE": 50.0, "PLOW_PRIORITY": "3", "FIRE_ROUTE": null, "CUL_DE_SAC": "N", "MEDIAN": null, "LEFT_MUNICIPALITY": "Waterloo", "RIGHT_MUNICIPALITY": "Waterloo", "OWNED_BY": "Waterloo", "MANAGED_BY": "Waterloo", "AADT": null, "AADT_DATE": null, "AADT_SOURCE": null, "LENGTH_M": 56.588238548231466 }, "geometry": { "type": "LineString", "coordinates": [ [ -80.537924056999898, 43.489467262000097 ], [ -80.538036118, 43.4895042650001 ], [ -80.538526277999907, 43.489725611 ] ] } },
{ "type": "Feature", "properties": { "OBJECTID": 1055, "SEGMENT_ID": 7365, "STREET_NAME": "PARKSIDE DR", "FROM_LEFT": 455.0, "TO_LEFT": 505.0, "FROM_RIGHT": 400.0, "TO_RIGHT": 500.0, "LEFT_PARITY": "O", "RIGHT_PARITY": "E", "FROM_STREET": "BEARINGER RD", "TO_STREET": "CEDARBRAE AVE", "STATUS_PHYSICAL": "BUILT", "STREET_TYPE": "ROAD", "MAIN_ROAD": "Y", "CARTO_CLASS": "Major Collector", "FLOW_DIRECTION": "TwoWay", "NUMBER_LANES": 2.0, "SPEED_ZONE": 50.0, "PLOW_PRIORITY": "2", "FIRE_ROUTE": "Secondary", "CUL_DE_SAC": "N", "MEDIAN": null, "LEFT_MUNICIPALITY": "Waterloo", "RIGHT_MUNICIPALITY": "Waterloo", "OWNED_BY": "Waterloo", "MANAGED_BY": "Waterloo", "AADT": null, "AADT_DATE": null, "AADT_SOURCE": null, "LENGTH_M": 506.63558832373263 }, "geometry": { "type": "LineString", "coordinates": [ [ -80.546799904999901, 43.485584229 ], [ -80.546835292382212, 43.485688618791329 ] ] } },
{ "type": "Feature", "properties": { "OBJECTID": 1062, "SEGMENT_ID": 1837, "STREET_NAME": "HIGH ST", "FROM_LEFT": 31.0, "TO_LEFT": 57.0, "FROM_RIGHT": 32.0, "TO_RIGHT": 56.0, "LEFT_PARITY": "O", "RIGHT_PARITY": "E", "FROM_STREET": "HOLLY ST", "TO_STREET": "HAZEL ST", "STATUS_PHYSICAL": "BUILT", "STREET_TYPE": "ROAD", "MAIN_ROAD": "N", "CARTO_CLASS": "Local Street", "FLOW_DIRECTION": "TwoWay", "NUMBER_LANES": 2.0, "SPEED_ZONE": 50.0, "PLOW_PRIORITY": "3", "FIRE_ROUTE": null, "CUL_DE_SAC": "N", "MEDIAN": null, "LEFT_MUNICIPALITY": "Waterloo", "RIGHT_MUNICIPALITY": "Waterloo", "OWNED_BY": "Waterloo", "MANAGED_BY": "Waterloo", "AADT": null, "AADT_DATE": null, "AADT_SOURCE": null, "LENGTH_M": 274.67270186102513 }, "geometry": { "type": "LineString", "coordinates": [ [ -80.529239496999907, 43.481753557 ], [ -80.529339159999907, 43.481717813 ], [ -80.529541934, 43.481645083 ], [ -80.529879906, 43.481523871 ], [ -80.530048885, 43.481463259000101 ], [ -80.530555831, 43.481281434 ], [ -80.530724812, 43.4812208210001 ], [ -80.531062773, 43.481099607 ], [ -80.531231754, 43.481038993 ], [ -80.532167098999906, 43.480703498 ], [ -80.532286364999905, 43.480660718000102 ] ] } },
{ "type": "Feature", "properties": { "OBJECTID": 1066, "SEGMENT_ID": 80907, "STREET_NAME": "WESTMOUNT RD N", "FROM_LEFT": 0.0, "TO_LEFT": 0.0, "FROM_RIGHT": 0.0, "TO_RIGHT": 0.0, "LEFT_PARITY": "Z", "RIGHT_PARITY": "Z", "FROM_STREET": "RESIDENCE RD", "TO_STREET": "BEARINGER RD", "STATUS_PHYSICAL": "BUILT", "STREET_TYPE": "REG RD", "MAIN_ROAD": "Y", "CARTO_CLASS": "Regional Arterial", "FLOW_DIRECTION": "TwoWay", "NUMBER_LANES": 4.0, "SPEED_ZONE": 60.0, "PLOW_PRIORITY": "1", "FIRE_ROUTE": "Primary", "CUL_DE_SAC": "N", "MEDIAN": "Yes", "LEFT_MUNICIPALITY": "Waterloo", "RIGHT_MUNICIPALITY": "Waterloo", "OWNED_BY": "Region of Waterloo", "MANAGED_BY": "Region of Waterloo", "AADT": null, "AADT_DATE": null, "AADT_SOURCE": null, "LENGTH_M": 291.96279906461291 }, "geometry": { "type": "LineString", "coordinates": [ [ -80.563515106999901, 43.481190635000097 ], [ -80.563904788999906, 43.481807356 ], [ -80.563993136, 43.481941228 ], [ -80.564086652999904, 43.4820718080001 ], [ -80.564185986, 43.482200088000099 ], [ -80.564291945, 43.482327025000103 ], [ -80.565038669, 43.4831891910001 ], [ -80.565223813, 43.483410021000097 ], [ -80.565283624, 43.483477584000099 ] ] } },
{ "type": "Feature", "properties": { "OBJECTID": 1074, "SEGMENT_ID": 727, "STREET_NAME": "HIGH ST", "FROM_LEFT": 1.0, "TO_LEFT": 5.0, "FROM_RIGHT": 4.0, "TO_RIGHT": 4.0, "LEFT_PARITY": "O", "RIGHT_PARITY": "E", "FROM_STREET": "WEBER ST N", "TO_STREET": "AUSTIN DR", "STATUS_PHYSICAL": "BUILT", "STREET_TYPE": "ROAD", "MAIN_ROAD": "N", "CARTO_CLASS": "Local Street", "FLOW_DIRECTION": "TwoWay", "NUMBER_LANES": 2.0, "SPEED_ZONE": 50.0, "PLOW_PRIORITY": "2", "FIRE_ROUTE": null, "CUL_DE_SAC": "N", "MEDIAN": null, "LEFT_MUNICIPALITY": "Waterloo", "RIGHT_MUNICIPALITY": "Waterloo", "OWNED_BY": "Waterloo", "MANAGED_BY": "Waterloo", "AADT": null, "AADT_DATE": null, "AADT_SOURCE": null, "LENGTH_M": 214.25990801428239 }, "geometry": { "type": "LineString", "coordinates": [ [ -80.528356445, 43.485082367000103 ], [ -80.528360154, 43.484965251000098 ], [ -80.528366703, 43.484758431 ], [ -80.5281906, 43.483940886 ], [ -80.528139816, 43.4837065090001 ], [ -80.528149446, 43.483702929000103 ], [ -80.52797551, 43.483185689 ] ] } },
{ "type": "Feature", "properties": { "OBJECTID": 1078, "SEGMENT_ID": 7195, "STREET_NAME": "WEBER ST N", "FROM_LEFT": 373.0, "TO_LEFT": 401.0, "FROM_RIGHT": 380.0, "TO_RIGHT": 400.0, "LEFT_PARITY": "O", "RIGHT_PARITY": "E", "FROM_STREET": "COLUMBIA ST E", "TO_STREET": "FORWELL CREEK RD", "STATUS_PHYSICAL": "BUILT", "STREET_TYPE": "REG RD", "MAIN_ROAD": "Y", "CARTO_CLASS": "Regional Arterial", "FLOW_DIRECTION": "TwoWay", "NUMBER_LANES": 4.0, "SPEED_ZONE": 60.0, "PLOW_PRIORITY": "1", "FIRE_ROUTE": "Primary", "CUL_DE_SAC": "N", "MEDIAN": null, "LEFT_MUNICIPALITY": "Waterloo", "RIGHT_MUNICIPALITY": "Waterloo", "OWNED_BY": "Region of Waterloo", "MANAGED_BY": "Region of Waterloo", "AADT": null, "AADT_DATE": null, "AADT_SOURCE": null, "LENGTH_M": 233.52730249079355 }, "geometry": { "type": "LineString", "coordinates": [ [ -80.523859493, 43.482833484 ], [ -80.524505651, 43.483644447000103 ], [ -80.524604548999903, 43.48377185 ], [ -80.524773006, 43.483988809 ], [ -80.525293308999906, 43.48465867 ] ] } },
{ "type": "Feature", "properties": { "OBJECTID": 1112, "SEGMENT_ID": 7207, "STREET_NAME": "CARDILL CRES", "FROM_LEFT": 47.0, "TO_LEFT": 69.0, "FROM_RIGHT": 52.0, "TO_RIGHT": 74.0, "LEFT_PARITY": "O", "RIGHT_PARITY": "E", "FROM_STREET": "AUSTIN DR", "TO_STREET": "CARDILL CRES", "STATUS_PHYSICAL": "BUILT", "STREET_TYPE": "ROAD", "MAIN_ROAD": "N", "CARTO_CLASS": "Local Street", "FLOW_DIRECTION": "TwoWay", "NUMBER_LANES": 2.0, "SPEED_ZONE": 50.0, "PLOW_PRIORITY": "3", "FIRE_ROUTE": null, "CUL_DE_SAC": "N", "MEDIAN": null, "LEFT_MUNICIPALITY": "Waterloo", "RIGHT_MUNICIPALITY": "Waterloo", "OWNED_BY": "Waterloo", "MANAGED_BY": "Waterloo", "AADT": null, "AADT_DATE": null, "AADT_SOURCE": null, "LENGTH_M": 189.86390905652163 }, "geometry": { "type": "LineString", "coordinates": [ [ -80.533935681999907, 43.481047579000098 ], [ -80.533975789, 43.481098209 ], [ -80.534184237, 43.481361333000102 ], [ -80.534358875, 43.481581788 ], [ -80.534389341999898, 43.481610899 ], [ -80.534434610999895, 43.4816366740001 ], [ -80.534487366, 43.481653256000101 ], [ -80.534544166, 43.481659572000098 ], [ -80.534601317, 43.481655207000102 ], [ -80.534648349999898, 43.481642294 ], [ -80.534798353, 43.4815842450001 ], [ -80.534989642, 43.481510211000099 ], [ -80.53517261, 43.481439402 ], [ -80.535363897, 43.481365369000102 ], [ -80.535681882999896, 43.481242308 ] ] } },
{ "type": "Feature", "properties": { "OBJECTID": 1126, "SEGMENT_ID": 1810, "STREET_NAME": "COLUMBIA ST W", "FROM_LEFT": 17.0, "TO_LEFT": 29.0, "FROM_RIGHT": 14.0, "TO_RIGHT": 28.0, "LEFT_PARITY": "O", "RIGHT_PARITY": "E", "FROM_STREET": "SPRUCE ST", "TO_STREET": "HOLLY ST", "STATUS_PHYSICAL": "BUILT", "STREET_TYPE": "ROAD", "MAIN_ROAD": "Y", "CARTO_CLASS": "City Arterial", "FLOW_DIRECTION": "TwoWay", "NUMBER_LANES": 4.0, "SPEED_ZONE": 50.0, "PLOW_PRIORITY": "1", "FIRE_ROUTE": "Primary", "CUL_DE_SAC": "N", "MEDIAN": null, "LEFT_MUNICIPALITY": "Waterloo", "RIGHT_MUNICIPALITY": "Waterloo", "OWNED_BY": "Waterloo", "MANAGED_BY": "Waterloo", "AADT": null, "AADT_DATE": null, "AADT_SOURCE": null, "LENGTH_M": 115.15313056981097 }, "geometry": { "type": "LineString", "coordinates": [ [ -80.527441999, 43.481443936000097 ], [ -80.528719467, 43.480985934 ] ] } },
{ "type": "Feature", "properties": { "OBJECTID": 1169, "SEGMENT_ID": 7154, "STREET_NAME": "PARKWOOD CRT", "FROM_LEFT": 483.0, "TO_LEFT": 489.0, "FROM_RIGHT": 480.0, "TO_RIGHT": 490.0, "LEFT_PARITY": "O", "RIGHT_PARITY": "E", "FROM_STREET": "PARKWOOD CRT", "TO_STREET": "PARKWOOD CRT", "STATUS_PHYSICAL": "BUILT", "STREET_TYPE": "ROAD", "MAIN_ROAD": "N", "CARTO_CLASS": "Local Street", "FLOW_DIRECTION": "TwoWay", "NUMBER_LANES": 2.0, "SPEED_ZONE": 50.0, "PLOW_PRIORITY": "3", "FIRE_ROUTE": null, "CUL_DE_SAC": "N", "MEDIAN": null, "LEFT_MUNICIPALITY": "Waterloo", "RIGHT_MUNICIPALITY": "Waterloo", "OWNED_BY": "Waterloo", "MANAGED_BY": "Waterloo", "AADT": null, "AADT_DATE": null, "AADT_SOURCE": null, "LENGTH_M": 53.435950631781331 }, "geometry": { "type": "LineString", "coordinates": [ [ -80.534273636, 43.488079606 ], [ -80.534842762, 43.487835078 ] ] } },
{ "type": "Feature", "properties": { "OBJECTID": 1195, "SEGMENT_ID": 763, "STREET_NAME": "BEARINGER RD", "FROM_LEFT": 0.0, "TO_LEFT": 0.0, "FROM_RIGHT": 0.0, "TO_RIGHT": 0.0, "LEFT_PARITY": "Z", "RIGHT_PARITY": "Z", "FROM_STREET": "GLEN FORREST BLVD", "TO_STREET": "HAGEY BLVD", "STATUS_PHYSICAL": "BUILT", "STREET_TYPE": "ROAD", "MAIN_ROAD": "Y", "CARTO_CLASS": "Major Collector", "FLOW_DIRECTION": "TwoWay", "NUMBER_LANES": 2.0, "SPEED_ZONE": 50.0, "PLOW_PRIORITY": "2", "FIRE_ROUTE": "Primary", "CUL_DE_SAC": "N", "MEDIAN": null, "LEFT_MUNICIPALITY": "Waterloo", "RIGHT_MUNICIPALITY": "Waterloo", "OWNED_BY": "Waterloo", "MANAGED_BY": "Waterloo", "AADT": null, "AADT_DATE": null, "AADT_SOURCE": null, "LENGTH_M": 358.57942875575884 }, "geometry": { "type": "LineString", "coordinates": [ [ -80.550701086999894, 43.484255754000102 ], [ -80.550848072999898, 43.484199012 ], [ -80.551134991, 43.484086836000102 ], [ -80.5530643, 43.483384654000098 ], [ -80.554037611, 43.483037246 ], [ -80.554159733999896, 43.482996510000099 ], [ -80.554286915, 43.4829598540001 ], [ -80.554416572, 43.4829281250001 ], [ -80.554548339999897, 43.482901410000103 ], [ -80.55468186, 43.482879783 ], [ -80.554701402706627, 43.482877396035832 ], [ -80.554701403, 43.482877396 ] ] } },
{ "type": "Feature", "properties": { "OBJECTID": 1262, "SEGMENT_ID": 7276, "STREET_NAME": "BEARINGER RD", "FROM_LEFT": 0.0, "TO_LEFT": 0.0, "FROM_RIGHT": 190.0, "TO_RIGHT": 200.0, "LEFT_PARITY": "O", "RIGHT_PARITY": "E", "FROM_STREET": "ALBERT ST", "TO_STREET": "PARKSIDE DR", "STATUS_PHYSICAL": "BUILT", "STREET_TYPE": "ROAD", "MAIN_ROAD": "Y", "CARTO_CLASS": "Major Collector", "FLOW_DIRECTION": "TwoWay", "NUMBER_LANES": 2.0, "SPEED_ZONE": 50.0, "PLOW_PRIORITY": "2", "FIRE_ROUTE": "Primary", "CUL_DE_SAC": "N", "MEDIAN": null, "LEFT_MUNICIPALITY": "Waterloo", "RIGHT_MUNICIPALITY": "Waterloo", "OWNED_BY": "Waterloo", "MANAGED_BY": "Waterloo", "AADT": null, "AADT_DATE": null, "AADT_SOURCE": null, "LENGTH_M": 530.404011400223 }, "geometry": { "type": "LineString", "coordinates": [ [ -80.540422211, 43.485280248 ], [ -80.540570534, 43.485223627 ], [ -80.540783671, 43.485154859 ], [ -80.540985502, 43.485093418000098 ], [ -80.541159041999904, 43.485053978000103 ], [ -80.541325128, 43.485033348000101 ], [ -80.541451197999905, 43.485023205000097 ], [ -80.541597480999897, 43.485018058 ], [ -80.541735864, 43.485016155 ], [ -80.541883202, 43.4850200220001 ], [ -80.542015874, 43.485029563000097 ], [ -80.542150734, 43.485047305000101 ], [ -80.542284438, 43.485069136 ], [ -80.542451814999893, 43.485100932000101 ], [ -80.542856179, 43.485182822000098 ], [ -80.543239208, 43.485259711 ], [ -80.544037816999904, 43.485423443000101 ], [ -80.5442624679999, 43.485468571000098 ], [ -80.544388281, 43.485492826 ], [ -80.544511843999899, 43.4855170720001 ], [ -80.544629801, 43.4855388390001 ], [ -80.544753388999894, 43.485559809000101 ], [ -80.544884856, 43.485579990000097 ], [ -80.54501522, 43.485597711 ], [ -80.545154586, 43.485614647 ], [ -80.545287236, 43.485627462 ], [ -80.545427778, 43.48563785 ], [ -80.545570588, 43.485645789 ], [ -80.545711185, 43.485648805 ], [ -80.545858525, 43.485652667000103 ], [ -80.546001385, 43.485654053000097 ], [ -80.546145387, 43.485652987 ], [ -80.546272379999905, 43.485645645 ], [ -80.54640125, 43.4856346400001 ], [ -80.546525618, 43.485621424 ], [ -80.546683158999898, 43.485603404000102 ], [ -80.546799904999901, 43.485584229 ] ] } },
{ "type": "Feature", "properties": { "OBJECTID": 1283, "SEGMENT_ID": 7361, "STREET_NAME": "PINERIDGE RD", "FROM_LEFT": 605.0, "TO_LEFT": 611.0, "FROM_RIGHT": 610.0, "TO_RIGHT": 614.0, "LEFT_PARITY": "O", "RIGHT_PARITY": "E", "FROM_STREET": "BEARINGER RD", "TO_STREET": "DALEVIEW PL", "STATUS_PHYSICAL": "BUILT", "STREET_TYPE": "ROAD", "MAIN_ROAD": "N", "CARTO_CLASS": "Local Street", "FLOW_DIRECTION": "TwoWay", "NUMBER_LANES": 2.0, "SPEED_ZONE": 50.0, "PLOW_PRIORITY": "3", "FIRE_ROUTE": null, "CUL_DE_SAC": "N", "MEDIAN": null, "LEFT_MUNICIPALITY": "Waterloo", "RIGHT_MUNICIPALITY": "Waterloo", "OWNED_BY": "Waterloo", "MANAGED_BY": "Waterloo", "AADT": null, "AADT_DATE": null, "AADT_SOURCE": null, "LENGTH_M": 280.70839296915381 }, "geometry": { "type": "LineString", "coordinates": [ [ -80.5639852689999, 43.484003746 ], [ -80.564059535, 43.484097396 ], [ -80.564071612202014, 43.484112625248279 ] ] } },
{ "type": "Feature", "properties": { "OBJECTID": 1289, "SEGMENT_ID": 7157, "STREET_NAME": "BLYTHWOOD RD", "FROM_LEFT": 69.0, "TO_LEFT": 69.0, "FROM_RIGHT": 66.0, "TO_RIGHT": 70.0, "LEFT_PARITY": "O", "RIGHT_PARITY": "E", "FROM_STREET": "WEBER ST N", "TO_STREET": "BLYTHWOOD PL", "STATUS_PHYSICAL": "BUILT", "STREET_TYPE": "ROAD", "MAIN_ROAD": "N", "CARTO_CLASS": "Local Street", "FLOW_DIRECTION": "TwoWay", "NUMBER_LANES": 2.0, "SPEED_ZONE": 50.0, "PLOW_PRIORITY": "3", "FIRE_ROUTE": null, "CUL_DE_SAC": "N", "MEDIAN": null, "LEFT_MUNICIPALITY": "Waterloo", "RIGHT_MUNICIPALITY": "Waterloo", "OWNED_BY": "Waterloo", "MANAGED_BY": "Waterloo", "AADT": null, "AADT_DATE": null, "AADT_SOURCE": null, "LENGTH_M": 73.598939303602734 }, "geometry": { "type": "LineString", "coordinates": [ [ -80.532124634, 43.487952961000097 ], [ -80.532260946999898, 43.487894288000099 ], [ -80.532812330999903, 43.487656959 ], [ -80.532908141, 43.487615717 ] ] } },
{ "type": "Feature", "properties": { "OBJECTID": 1309, "SEGMENT_ID": 8034, "STREET_NAME": "MOCCASIN DR", "FROM_LEFT": 103.0, "TO_LEFT": 121.0, "FROM_RIGHT": 104.0, "TO_RIGHT": 126.0, "LEFT_PARITY": "O", "RIGHT_PARITY": "E", "FROM_STREET": "LONGWOOD DR", "TO_STREET": "GREENBRIER DR", "STATUS_PHYSICAL": "BUILT", "STREET_TYPE": "ROAD", "MAIN_ROAD": "N", "CARTO_CLASS": "Local Street", "FLOW_DIRECTION": "TwoWay", "NUMBER_LANES": 2.0, "SPEED_ZONE": 50.0, "PLOW_PRIORITY": "3", "FIRE_ROUTE": null, "CUL_DE_SAC": "N", "MEDIAN": null, "LEFT_MUNICIPALITY": "Waterloo", "RIGHT_MUNICIPALITY": "Waterloo", "OWNED_BY": "Waterloo", "MANAGED_BY": "Waterloo", "AADT": null, "AADT_DATE": null, "AADT_SOURCE": null, "LENGTH_M": 238.90178721845987 }, "geometry": { "type": "LineString", "coordinates": [ [ -80.538957952, 43.489931251 ], [ -80.539028387, 43.489883166 ], [ -80.539221545, 43.489751296000101 ], [ -80.539258786999895, 43.489727651000102 ], [ -80.539296645, 43.489706977 ], [ -80.539337896999896, 43.489687731000103 ], [ -80.539383474, 43.489670058000101 ], [ -80.539477962, 43.489636629000103 ], [ -80.539667343, 43.489569635000102 ], [ -80.540050441999895, 43.4894341 ], [ -80.540083201999906, 43.4894216960001 ], [ -80.540144598, 43.489393556 ], [ -80.540202595, 43.489360013000102 ], [ -80.540255209999899, 43.489322055000102 ], [ -80.540299901, 43.489281858 ], [ -80.540342107999905, 43.489239306000101 ], [ -80.540499777, 43.489080373 ], [ -80.54052408, 43.4890528990001 ], [ -80.540545572, 43.489021791 ], [ -80.540562541, 43.488988958 ], [ -80.540575525, 43.488951532 ], [ -80.540582387, 43.488913012000097 ], [ -80.540582951, 43.488874171000099 ], [ -80.540577206, 43.488835552000097 ], [ -80.540565962999906, 43.488800007000101 ], [ -80.540440197999899, 43.488489074 ], [ -80.540402063, 43.488394792000101 ] ] } },
{ "type": "Feature", "properties": { "OBJECTID": 1327, "SEGMENT_ID": 7846, "STREET_NAME": "FORWELL CREEK RD", "FROM_LEFT": 24.0, "TO_LEFT": 50.0, "FROM_RIGHT": 0.0, "TO_RIGHT": 0.0, "LEFT_PARITY": "E", "RIGHT_PARITY": "O", "FROM_STREET": "WEBER ST N", "TO_STREET": "FORWELL CREEK RD", "STATUS_PHYSICAL": "BUILT", "STREET_TYPE": "ROAD", "MAIN_ROAD": "N", "CARTO_CLASS": "Local Street", "FLOW_DIRECTION": "TwoWay", "NUMBER_LANES": 2.0, "SPEED_ZONE": 50.0, "PLOW_PRIORITY": "3", "FIRE_ROUTE": null, "CUL_DE_SAC": "N", "MEDIAN": null, "LEFT_MUNICIPALITY": "Waterloo", "RIGHT_MUNICIPALITY": "Waterloo", "OWNED_BY": "Waterloo", "MANAGED_BY": "Waterloo", "AADT": null, "AADT_DATE": null, "AADT_SOURCE": null, "LENGTH_M": 249.25425387549552 }, "geometry": { "type": "LineString", "coordinates": [ [ -80.525293308999906, 43.48465867 ], [ -80.525142382182523, 43.484720753121209 ] ] } },
{ "type": "Feature", "properties": { "OBJECTID": 1359, "SEGMENT_ID": 30298, "STREET_NAME": "HAGEY BLVD", "FROM_LEFT": 0.0, "TO_LEFT": 0.0, "FROM_RIGHT": 0.0, "TO_RIGHT": 0.0, "LEFT_PARITY": "Z", "RIGHT_PARITY": "Z", "FROM_STREET": "HAGEY BLVD", "TO_STREET": "WES GRAHAM WAY", "STATUS_PHYSICAL": "BUILT", "STREET_TYPE": "Roundabout", "MAIN_ROAD": "Y", "CARTO_CLASS": "Roundabout", "FLOW_DIRECTION": "FromTo", "NUMBER_LANES": 1.0, "SPEED_ZONE": 50.0, "PLOW_PRIORITY": "2", "FIRE_ROUTE": "Secondary", "CUL_DE_SAC": "N", "MEDIAN": null, "LEFT_MUNICIPALITY": "Waterloo", "RIGHT_MUNICIPALITY": "Waterloo", "OWNED_BY": "Waterloo", "MANAGED_BY": "Waterloo", "AADT": null, "AADT_DATE": null, "AADT_SOURCE": null, "LENGTH_M": 52.100841346545359 }, "geometry": { "type": "LineString", "coordinates": [ [ -80.550102291, 43.4802650990001 ], [ -80.550137639187696, 43.480251085985898 ], [ -80.550170972672603, 43.480234667987901 ], [ -80.550201984818102, 43.4802159960362 ], [ -80.550230390341397, 43.480195241895203 ], [ -80.550255927938593, 43.480172596483499 ], [ -80.550278362687607, 43.480148268117503 ], [ -80.550297488210006, 43.480122480595398 ], [ -80.550313128569002, 43.4800954711381 ], [ -80.550325139887804, 43.480067488207197 ], [ -80.550333411673805, 43.4800387892193 ], [ -80.550337867834202, 43.480009638178302 ], [ -80.550338467376505, 43.479980303246101 ], [ -80.550335204785597, 43.479951054276597 ], [ -80.550328110074105, 43.479922160332897 ], [ -80.550317248506801, 43.479893887212 ], [ -80.550302719999905, 43.479866495000103 ] ] } },
{ "type": "Feature", "properties": { "OBJECTID": 1360, "SEGMENT_ID": 30296, "STREET_NAME": "HAGEY BLVD", "FROM_LEFT": 0.0, "TO_LEFT": 0.0, "FROM_RIGHT": 0.0, "TO_RIGHT": 0.0, "LEFT_PARITY": "Z", "RIGHT_PARITY": "Z", "FROM_STREET": "HAGEY BLVD", "TO_STREET": "WES GRAHAM WAY", "STATUS_PHYSICAL": "BUILT", "STREET_TYPE": "Roundabout", "MAIN_ROAD": "Y", "CARTO_CLASS": "Roundabout", "FLOW_DIRECTION": "FromTo", "NUMBER_LANES": 1.0, "SPEED_ZONE": 50.0, "PLOW_PRIORITY": "2", "FIRE_ROUTE": "Secondary", "CUL_DE_SAC": "N", "MEDIAN": null, "LEFT_MUNICIPALITY": "Waterloo", "RIGHT_MUNICIPALITY": "Waterloo", "OWNED_BY": "Waterloo", "MANAGED_BY": "Waterloo", "AADT": null, "AADT_DATE": null, "AADT_SOURCE": null, "LENGTH_M": 52.350629753122597 }, "geometry": { "type": "LineString", "coordinates": [ [ -80.549730736999905, 43.479716406000101 ], [ -80.549695426034503, 43.479730756353703 ], [ -80.549662184540693, 43.479747518724402 ], [ -80.549631321230905, 43.479766537440902 ], [ -80.549603122731199, 43.479787635877102 ], [ -80.549577850919803, 43.479810618092799 ], [ -80.549555740494995, 43.479835270653098 ], [ -80.549536996795197, 43.479861364610997 ], [ -80.549521793892296, 43.479888657632898 ], [ -80.549510272975098, 43.479916896249698 ], [ -80.549502541037796, 43.479945818210702 ], [ -80.549498669886603, 43.479975154919003 ], [ -80.549498695472494, 43.480004633925702 ], [ -80.549502617558204, 43.480033981460799 ], [ -80.549510399719196, 43.480062924974902 ], [ -80.549521969682999, 43.480091195670902 ], [ -80.549537219999905, 43.480118531000102 ] ] } },
{ "type": "Feature", "properties": { "OBJECTID": 1361, "SEGMENT_ID": 30300, "STREET_NAME": "HAGEY BLVD", "FROM_LEFT": 0.0, "TO_LEFT": 0.0, "FROM_RIGHT": 0.0, "TO_RIGHT": 0.0, "LEFT_PARITY": "Z", "RIGHT_PARITY": "Z", "FROM_STREET": "HAGEY BLVD", "TO_STREET": "FRANK TOMPA DR", "STATUS_PHYSICAL": "BUILT", "STREET_TYPE": "Roundabout", "MAIN_ROAD": "Y", "CARTO_CLASS": "Roundabout", "FLOW_DIRECTION": "FromTo", "NUMBER_LANES": 1.0, "SPEED_ZONE": 50.0, "PLOW_PRIORITY": "2", "FIRE_ROUTE": "Secondary", "CUL_DE_SAC": "N", "MEDIAN": null, "LEFT_MUNICIPALITY": "Waterloo", "RIGHT_MUNICIPALITY": "Waterloo", "OWNED_BY": "Waterloo", "MANAGED_BY": "Waterloo", "AADT": null, "AADT_DATE": null, "AADT_SOURCE": null, "LENGTH_M": 23.583955621643423 }, "geometry": { "type": "LineString", "coordinates": [ [ -80.548201821, 43.477456234 ], [ -80.548232887426394, 43.477442439919798 ], [ -80.548259615649997, 43.477424466238098 ], [ -80.548280965626503, 43.477403012343899 ], [ -80.548296106589206, 43.477378913047502 ], [ -80.548304449375493, 43.4773531060967 ], [ -80.548305959253, 43.4773398745238 ], [ -80.548305669352303, 43.477326595687302 ], [ -80.548299719048003, 43.477300413388001 ], [ -80.548286829999896, 43.477275578 ] ] } },
{ "type": "Feature", "properties": { "OBJECTID": 1362, "SEGMENT_ID": 30301, "STREET_NAME": "HAGEY BLVD", "FROM_LEFT": 0.0, "TO_LEFT": 0.0, "FROM_RIGHT": 0.0, "TO_RIGHT": 0.0, "LEFT_PARITY": "Z", "RIGHT_PARITY": "Z", "FROM_STREET": "FRANK TOMPA DR", "TO_STREET": "HAGEY BLVD", "STATUS_PHYSICAL": "BUILT", "STREET_TYPE": "Roundabout", "MAIN_ROAD": "Y", "CARTO_CLASS": "Roundabout", "FLOW_DIRECTION": "FromTo", "NUMBER_LANES": 1.0, "SPEED_ZONE": 50.0, "PLOW_PRIORITY": "2", "FIRE_ROUTE": "Secondary", "CUL_DE_SAC": "N", "MEDIAN": null, "LEFT_MUNICIPALITY": "Waterloo", "RIGHT_MUNICIPALITY": "Waterloo", "OWNED_BY": "Waterloo", "MANAGED_BY": "Waterloo", "AADT": null, "AADT_DATE": null, "AADT_SOURCE": null, "LENGTH_M": 23.608752326180806 }, "geometry": { "type": "LineString", "coordinates": [ [ -80.548286829999896, 43.477275578 ], [ -80.548267460951905, 43.477253103223902 ], [ -80.548242424978, 43.477233820143603 ], [ -80.548212694540297, 43.477218477763998 ], [ -80.548179424445905, 43.477207672022601 ], [ -80.5481439069912, 43.477201822642499 ], [ -80.548107521766099, 43.477201156828698 ], [ -80.548071682066805, 43.477205700443101 ], [ -80.54803778, 43.477215277 ] ] } },
{ "type": "Feature", "properties": { "OBJECTID": 1363, "SEGMENT_ID": 30302, "STREET_NAME": "HAGEY BLVD", "FROM_LEFT": 0.0, "TO_LEFT": 0.0, "FROM_RIGHT": 0.0, "TO_RIGHT": 0.0, "LEFT_PARITY": "Z", "RIGHT_PARITY": "Z", "FROM_STREET": "HAGEY BLVD", "TO_STREET": "FRANK TOMPA DR", "STATUS_PHYSICAL": "BUILT", "STREET_TYPE": "Roundabout", "MAIN_ROAD": "Y", "CARTO_CLASS": "Roundabout", "FLOW_DIRECTION": "FromTo", "NUMBER_LANES": 1.0, "SPEED_ZONE": 50.0, "PLOW_PRIORITY": "2", "FIRE_ROUTE": "Secondary", "CUL_DE_SAC": "N", "MEDIAN": null, "LEFT_MUNICIPALITY": "Waterloo", "RIGHT_MUNICIPALITY": "Waterloo", "OWNED_BY": "Waterloo", "MANAGED_BY": "Waterloo", "AADT": null, "AADT_DATE": null, "AADT_SOURCE": null, "LENGTH_M": 23.032090410845747 }, "geometry": { "type": "LineString", "coordinates": [ [ -80.54803778, 43.477215277 ], [ -80.548007738481999, 43.477229100147703 ], [ -80.547981909089103, 43.4772468687949 ], [ -80.547961250524907, 43.477267923426503 ], [ -80.547946529568605, 43.477291482562798 ], [ -80.547938292614703, 43.477316671764598 ], [ -80.547936845392201, 43.477342556090001 ], [ -80.547942241617505, 43.477368174796403 ], [ -80.547954281, 43.477392577 ] ] } },
{ "type": "Feature", "properties": { "OBJECTID": 1364, "SEGMENT_ID": 30299, "STREET_NAME": "HAGEY BLVD", "FROM_LEFT": 0.0, "TO_LEFT": 0.0, "FROM_RIGHT": 0.0, "TO_RIGHT": 0.0, "LEFT_PARITY": "Z", "RIGHT_PARITY": "Z", "FROM_STREET": "FRANK TOMPA DR", "TO_STREET": "HAGEY BLVD", "STATUS_PHYSICAL": "BUILT", "STREET_TYPE": "Roundabout", "MAIN_ROAD": "Y", "CARTO_CLASS": "Roundabout", "FLOW_DIRECTION": "FromTo", "NUMBER_LANES": 1.0, "SPEED_ZONE": 50.0, "PLOW_PRIORITY": "2", "FIRE_ROUTE": "Secondary", "CUL_DE_SAC": "N", "MEDIAN": null, "LEFT_MUNICIPALITY": "Waterloo", "RIGHT_MUNICIPALITY": "Waterloo", "OWNED_BY": "Waterloo", "MANAGED_BY": "Waterloo", "AADT": null, "AADT_DATE": null, "AADT_SOURCE": null, "LENGTH_M": 23.6163448147643 }, "geometry": { "type": "LineString", "coordinates": [ [ -80.547954281, 43.477392577 ], [ -80.547973075806397, 43.477415316655801 ], [ -80.547997621788298, 43.477434940642901 ], [ -80.548026964989106, 43.477450686293501 ], [ -80.548059965012897, 43.477461941667798 ], [ -80.548095339344698, 43.4774682693361 ], [ -80.548131713194493, 43.477469423379603 ], [ -80.548167672926596, 43.477465358947498 ], [ -80.548201821, 43.477456234 ] ] } },
{ "type": "Feature", "properties": { "OBJECTID": 1383, "SEGMENT_ID": 7201, "STREET_NAME": "TOLL GATE BLVD", "FROM_LEFT": 303.0, "TO_LEFT": 311.0, "FROM_RIGHT": 302.0, "TO_RIGHT": 310.0, "LEFT_PARITY": "O", "RIGHT_PARITY": "E", "FROM_STREET": "HIGHPOINT AVE", "TO_STREET": "BEARINGER RD", "STATUS_PHYSICAL": "BUILT", "STREET_TYPE": "ROAD", "MAIN_ROAD": "N", "CARTO_CLASS": "Minor Collector", "FLOW_DIRECTION": "TwoWay", "NUMBER_LANES": 2.0, "SPEED_ZONE": 50.0, "PLOW_PRIORITY": "2", "FIRE_ROUTE": null, "CUL_DE_SAC": "N", "MEDIAN": null, "LEFT_MUNICIPALITY": "Waterloo", "RIGHT_MUNICIPALITY": "Waterloo", "OWNED_BY": "Waterloo", "MANAGED_BY": "Waterloo", "AADT": null, "AADT_DATE": null, "AADT_SOURCE": null, "LENGTH_M": 95.370214323896775 }, "geometry": { "type": "LineString", "coordinates": [ [ -80.560108846446823, 43.484195382012352 ], [ -80.560164712, 43.484097528000099 ] ] } },
{ "type": "Feature", "properties": { "OBJECTID": 1394, "SEGMENT_ID": 30297, "STREET_NAME": "HAGEY BLVD", "FROM_LEFT": 0.0, "TO_LEFT": 0.0, "FROM_RIGHT": 0.0, "TO_RIGHT": 0.0, "LEFT_PARITY": "Z", "RIGHT_PARITY": "Z", "FROM_STREET": "WES GRAHAM WAY", "TO_STREET": "HAGEY BLVD", "STATUS_PHYSICAL": "BUILT", "STREET_TYPE": "Roundabout", "MAIN_ROAD": "Y", "CARTO_CLASS": "Roundabout", "FLOW_DIRECTION": "FromTo", "NUMBER_LANES": 1.0, "SPEED_ZONE": 50.0, "PLOW_PRIORITY": "2", "FIRE_ROUTE": "Secondary", "CUL_DE_SAC": "N", "MEDIAN": null, "LEFT_MUNICIPALITY": "Waterloo", "RIGHT_MUNICIPALITY": "Waterloo", "OWNED_BY": "Waterloo", "MANAGED_BY": "Waterloo", "AADT": null, "AADT_DATE": null, "AADT_SOURCE": null, "LENGTH_M": 54.027317621193006 }, "geometry": { "type": "LineString", "coordinates": [ [ -80.549537219999905, 43.480118531000102 ], [ -80.549550693504699, 43.480137808985504 ], [ -80.549565999903706, 43.480156349657101 ], [ -80.549583062815103, 43.480174060493297 ], [ -80.549601797092095, 43.480190853114102 ], [ -80.5496438979186, 43.480221353516399 ], [ -80.549691463068797, 43.480247242813398 ], [ -80.549743544292198, 43.4802680048806 ], [ -80.549799103306896, 43.480283225809202 ], [ -80.549857032498196, 43.480292602157398 ], [ -80.549916176999901, 43.480295947000101 ], [ -80.549964245812305, 43.480294136174301 ], [ -80.550011700520599, 43.480288331839603 ], [ -80.550057917906202, 43.480278610223799 ], [ -80.550102291, 43.4802650990001 ] ] } },
{ "type": "Feature", "properties": { "OBJECTID": 1397, "SEGMENT_ID": 30104, "STREET_NAME": "HAGEY BLVD", "FROM_LEFT": 295.0, "TO_LEFT": 375.0, "FROM_RIGHT": 300.0, "TO_RIGHT": 380.0, "LEFT_PARITY": "O", "RIGHT_PARITY": "E", "FROM_STREET": "FRANK TOMPA DR", "TO_STREET": "WES GRAHAM WAY", "STATUS_PHYSICAL": "BUILT", "STREET_TYPE": "ROAD", "MAIN_ROAD": "Y", "CARTO_CLASS": "Major Collector", "FLOW_DIRECTION": "TwoWay", "NUMBER_LANES": 4.0, "SPEED_ZONE": 50.0, "PLOW_PRIORITY": "2", "FIRE_ROUTE": "Secondary", "CUL_DE_SAC": "N", "MEDIAN": "Yes", "LEFT_MUNICIPALITY": "Waterloo", "RIGHT_MUNICIPALITY": "Waterloo", "OWNED_BY": "Waterloo", "MANAGED_BY": "Waterloo", "AADT": null, "AADT_DATE": null, "AADT_SOURCE": null, "LENGTH_M": 279.81682457810211 }, "geometry": { "type": "LineString", "coordinates": [ [ -80.548201821, 43.477456234 ], [ -80.548551937, 43.4779773120001 ], [ -80.549393535, 43.479222959 ], [ -80.549718363, 43.479698298000102 ], [ -80.549730736999905, 43.479716406000101 ] ] } },
{ "type": "Feature", "properties": { "OBJECTID": 1398, "SEGMENT_ID": 1410, "STREET_NAME": "COLUMBIA ST W", "FROM_LEFT": 461.0, "TO_LEFT": 465.0, "FROM_RIGHT": 440.0, "TO_RIGHT": 470.0, "LEFT_PARITY": "O", "RIGHT_PARITY": "E", "FROM_STREET": "FISCHER-HALLMAN RD N", "TO_STREET": "GATESTONE BLVD", "STATUS_PHYSICAL": "BUILT", "STREET_TYPE": "ROAD", "MAIN_ROAD": "Y", "CARTO_CLASS": "City Arterial", "FLOW_DIRECTION": "TwoWay", "NUMBER_LANES": 5.0, "SPEED_ZONE": 60.0, "PLOW_PRIORITY": "1", "FIRE_ROUTE": "Primary", "CUL_DE_SAC": "N", "MEDIAN": "Yes", "LEFT_MUNICIPALITY": "Waterloo", "RIGHT_MUNICIPALITY": "Waterloo", "OWNED_BY": "Waterloo", "MANAGED_BY": "Waterloo", "AADT": null, "AADT_DATE": null, "AADT_SOURCE": null, "LENGTH_M": 522.84949882366232 }, "geometry": { "type": "LineString", "coordinates": [ [ -80.566190016999897, 43.4676462830001 ], [ -80.566416059424427, 43.467566924548187 ] ] } },
{ "type": "Feature", "properties": { "OBJECTID": 1401, "SEGMENT_ID": 1838, "STREET_NAME": "PHILLIP ST", "FROM_LEFT": 385.0, "TO_LEFT": 465.0, "FROM_RIGHT": 360.0, "TO_RIGHT": 470.0, "LEFT_PARITY": "O", "RIGHT_PARITY": "E", "FROM_STREET": "COLUMBIA ST W", "TO_STREET": "ALBERT ST", "STATUS_PHYSICAL": "BUILT", "STREET_TYPE": "ROAD", "MAIN_ROAD": "Y", "CARTO_CLASS": "Major Collector", "FLOW_DIRECTION": "TwoWay", "NUMBER_LANES": 2.0, "SPEED_ZONE": 50.0, "PLOW_PRIORITY": "2", "FIRE_ROUTE": "Secondary", "CUL_DE_SAC": "N", "MEDIAN": null, "LEFT_MUNICIPALITY": "Waterloo", "RIGHT_MUNICIPALITY": "Waterloo", "OWNED_BY": "Waterloo", "MANAGED_BY": "Waterloo", "AADT": null, "AADT_DATE": null, "AADT_SOURCE": null, "LENGTH_M": 940.38507371009666 }, "geometry": { "type": "LineString", "coordinates": [ [ -80.539932093999894, 43.476970834 ], [ -80.539989326, 43.477053116 ], [ -80.540218701999905, 43.477411288 ], [ -80.540228258999903, 43.477426204 ], [ -80.542074028999906, 43.480308156 ], [ -80.542121853, 43.480388605 ], [ -80.542163954, 43.480472115000097 ], [ -80.54219949, 43.480557228000102 ], [ -80.542228348, 43.480643671000102 ], [ -80.542250431999904, 43.480731165000101 ], [ -80.542265675, 43.480819430000103 ], [ -80.542274025, 43.480908183000103 ], [ -80.542275457999907, 43.480997136 ], [ -80.542269964999903, 43.481086006000098 ], [ -80.542257569, 43.481174507 ], [ -80.542238305, 43.481262354000101 ], [ -80.542212236999902, 43.481349264000102 ], [ -80.542179451, 43.481434962 ], [ -80.542140047, 43.481519167 ], [ -80.542094823, 43.481600414000098 ], [ -80.54154648, 43.48251149 ], [ -80.541516235999893, 43.482561744000101 ], [ -80.54131353, 43.482898531 ], [ -80.541162306, 43.483149791000102 ], [ -80.540785138, 43.483776426000098 ], [ -80.540744471, 43.483836772000103 ], [ -80.540695690999897, 43.483896001000097 ], [ -80.540640254, 43.483952040000098 ], [ -80.540578556, 43.484004493 ], [ -80.540511027, 43.484052992 ], [ -80.540438659999893, 43.484096881 ], [ -80.54038078, 43.484127047000101 ], [ -80.540320995999906, 43.484154262000096 ], [ -80.540260756999899, 43.484178015000097 ], [ -80.540137113, 43.484223318 ], [ -80.539758122, 43.484362189000102 ], [ -80.539634114, 43.484407628 ] ] } },
{ "type": "Feature", "properties": { "OBJECTID": 1438, "SEGMENT_ID": 30106, "STREET_NAME": "FRANK TOMPA DR", "FROM_LEFT": 275.0, "TO_LEFT": 295.0, "FROM_RIGHT": 290.0, "TO_RIGHT": 292.0, "LEFT_PARITY": "O", "RIGHT_PARITY": "E", "FROM_STREET": "END", "TO_STREET": "HAGEY BLVD", "STATUS_PHYSICAL": "BUILT", "STREET_TYPE": "ROAD", "MAIN_ROAD": "N", "CARTO_CLASS": "Private", "FLOW_DIRECTION": "TwoWay", "NUMBER_LANES": 1.0, "SPEED_ZONE": 50.0, "PLOW_PRIORITY": "Other", "FIRE_ROUTE": null, "CUL_DE_SAC": "N", "MEDIAN": null, "LEFT_MUNICIPALITY": "Waterloo", "RIGHT_MUNICIPALITY": "Waterloo", "OWNED_BY": "UW", "MANAGED_BY": "UW", "AADT": null, "AADT_DATE": null, "AADT_SOURCE": null, "LENGTH_M": 351.14107696334179 }, "geometry": { "type": "LineString", "coordinates": [ [ -80.552182000999906, 43.4758790120001 ], [ -80.548286829999896, 43.477275578 ] ] } },
{ "type": "Feature", "properties": { "OBJECTID": 1476, "SEGMENT_ID": 80680, "STREET_NAME": "LAUREL CREEK CONSERVATION AREA LANE", "FROM_LEFT": 0.0, "TO_LEFT": 0.0, "FROM_RIGHT": 0.0, "TO_RIGHT": 0.0, "LEFT_PARITY": "Z", "RIGHT_PARITY": "Z", "FROM_STREET": null, "TO_STREET": null, "STATUS_PHYSICAL": "BUILT", "STREET_TYPE": "ACCESS LANE", "MAIN_ROAD": "N", "CARTO_CLASS": "Private", "FLOW_DIRECTION": "TwoWay", "NUMBER_LANES": 4.0, "SPEED_ZONE": 60.0, "PLOW_PRIORITY": "Other", "FIRE_ROUTE": null, "CUL_DE_SAC": "N", "MEDIAN": null, "LEFT_MUNICIPALITY": "Waterloo", "RIGHT_MUNICIPALITY": "Waterloo", "OWNED_BY": "Private", "MANAGED_BY": "Private", "AADT": null, "AADT_DATE": null, "AADT_SOURCE": null, "LENGTH_M": 531.5622649347049 }, "geometry": { "type": "LineString", "coordinates": [ [ -80.569213413435463, 43.481636461659548 ], [ -80.569196242524896, 43.481629831204401 ], [ -80.569103277999901, 43.481595961 ] ] } },
{ "type": "Feature", "properties": { "OBJECTID": 1477, "SEGMENT_ID": 30107, "STREET_NAME": "FRANK TOMPA DR", "FROM_LEFT": 0.0, "TO_LEFT": 0.0, "FROM_RIGHT": 0.0, "TO_RIGHT": 0.0, "LEFT_PARITY": "Z", "RIGHT_PARITY": "Z", "FROM_STREET": "HAGEY BLVD", "TO_STREET": "FRANK TOMPA DR", "STATUS_PHYSICAL": "BUILT", "STREET_TYPE": "ROAD", "MAIN_ROAD": "N", "CARTO_CLASS": "Private", "FLOW_DIRECTION": "TwoWay", "NUMBER_LANES": 2.0, "SPEED_ZONE": 50.0, "PLOW_PRIORITY": "Other", "FIRE_ROUTE": null, "CUL_DE_SAC": "N", "MEDIAN": null, "LEFT_MUNICIPALITY": "Waterloo", "RIGHT_MUNICIPALITY": "Waterloo", "OWNED_BY": "UW", "MANAGED_BY": "UW", "AADT": null, "AADT_DATE": null, "AADT_SOURCE": null, "LENGTH_M": 138.41516719098388 }, "geometry": { "type": "LineString", "coordinates": [ [ -80.547954281, 43.477392577 ], [ -80.546536958, 43.477900102 ], [ -80.546418457, 43.4779425340001 ] ] } },
{ "type": "Feature", "properties": { "OBJECTID": 1512, "SEGMENT_ID": 80906, "STREET_NAME": "BEARINGER RD", "FROM_LEFT": 0.0, "TO_LEFT": 0.0, "FROM_RIGHT": 0.0, "TO_RIGHT": 0.0, "LEFT_PARITY": "Z", "RIGHT_PARITY": "Z", "FROM_STREET": "WESTMOUNT RD N", "TO_STREET": "UNKNOWN", "STATUS_PHYSICAL": "BUILT", "STREET_TYPE": "REG RD", "MAIN_ROAD": "Y", "CARTO_CLASS": "Regional Arterial", "FLOW_DIRECTION": "TwoWay", "NUMBER_LANES": 2.0, "SPEED_ZONE": null, "PLOW_PRIORITY": "1", "FIRE_ROUTE": "Primary", "CUL_DE_SAC": "N", "MEDIAN": null, "LEFT_MUNICIPALITY": "Waterloo", "RIGHT_MUNICIPALITY": "Waterloo", "OWNED_BY": "Region of Waterloo", "MANAGED_BY": "Region of Waterloo", "AADT": null, "AADT_DATE": null, "AADT_SOURCE": null, "LENGTH_M": 482.69840677401658 }, "geometry": { "type": "LineString", "coordinates": [ [ -80.565283624, 43.483477584000099 ], [ -80.566877995, 43.482819013 ], [ -80.567645988, 43.482493960000099 ], [ -80.568644004, 43.481940025 ], [ -80.568987001, 43.481713015 ], [ -80.569103277999901, 43.481595961 ], [ -80.569143002, 43.48155597 ], [ -80.569532962, 43.480961024000102 ], [ -80.569686124, 43.480725695 ] ] } },
{ "type": "Feature", "properties": { "OBJECTID": 1527, "SEGMENT_ID": 392, "STREET_NAME": "COLUMBIA ST W", "FROM_LEFT": 119.0, "TO_LEFT": 127.0, "FROM_RIGHT": 118.0, "TO_RIGHT": 130.0, "LEFT_PARITY": "O", "RIGHT_PARITY": "E", "FROM_STREET": "BATAVIA PL", "TO_STREET": "LESTER ST", "STATUS_PHYSICAL": "BUILT", "STREET_TYPE": "ROAD", "MAIN_ROAD": "Y", "CARTO_CLASS": "City Arterial", "FLOW_DIRECTION": "TwoWay", "NUMBER_LANES": 4.0, "SPEED_ZONE": 50.0, "PLOW_PRIORITY": "1", "FIRE_ROUTE": "Primary", "CUL_DE_SAC": "N", "MEDIAN": null, "LEFT_MUNICIPALITY": "Waterloo", "RIGHT_MUNICIPALITY": "Waterloo", "OWNED_BY": "Waterloo", "MANAGED_BY": "Waterloo", "AADT": null, "AADT_DATE": null, "AADT_SOURCE": null, "LENGTH_M": 112.72204943844669 }, "geometry": { "type": "LineString", "coordinates": [ [ -80.536400532, 43.47823534 ], [ -80.537651318, 43.477787529000103 ] ] } },
{ "type": "Feature", "properties": { "OBJECTID": 1528, "SEGMENT_ID": 7611, "STREET_NAME": "COLUMBIA ST E", "FROM_LEFT": 0.0, "TO_LEFT": 0.0, "FROM_RIGHT": 45.0, "TO_RIGHT": 75.0, "LEFT_PARITY": "E", "RIGHT_PARITY": "O", "FROM_STREET": "WEBER ST N", "TO_STREET": "MARSLAND DR", "STATUS_PHYSICAL": "BUILT", "STREET_TYPE": "ROAD", "MAIN_ROAD": "Y", "CARTO_CLASS": "City Arterial", "FLOW_DIRECTION": "TwoWay", "NUMBER_LANES": 4.0, "SPEED_ZONE": 50.0, "PLOW_PRIORITY": "1", "FIRE_ROUTE": "Primary", "CUL_DE_SAC": "N", "MEDIAN": null, "LEFT_MUNICIPALITY": "Waterloo", "RIGHT_MUNICIPALITY": "Waterloo", "OWNED_BY": "Waterloo", "MANAGED_BY": "Waterloo", "AADT": null, "AADT_DATE": null, "AADT_SOURCE": null, "LENGTH_M": 396.93594729953065 }, "geometry": { "type": "LineString", "coordinates": [ [ -80.523859493, 43.482833484 ], [ -80.523752159690758, 43.482872091343545 ] ] } },
{ "type": "Feature", "properties": { "OBJECTID": 1559, "SEGMENT_ID": 7238, "STREET_NAME": "SMALLWOOD DR", "FROM_LEFT": 51.0, "TO_LEFT": 59.0, "FROM_RIGHT": 52.0, "TO_RIGHT": 54.0, "LEFT_PARITY": "O", "RIGHT_PARITY": "E", "FROM_STREET": "TAMARACK DR", "TO_STREET": "HAZEL ST", "STATUS_PHYSICAL": "BUILT", "STREET_TYPE": "ROAD", "MAIN_ROAD": "N", "CARTO_CLASS": "Local Street", "FLOW_DIRECTION": "TwoWay", "NUMBER_LANES": 2.0, "SPEED_ZONE": 50.0, "PLOW_PRIORITY": "3", "FIRE_ROUTE": null, "CUL_DE_SAC": "N", "MEDIAN": null, "LEFT_MUNICIPALITY": "Waterloo", "RIGHT_MUNICIPALITY": "Waterloo", "OWNED_BY": "Waterloo", "MANAGED_BY": "Waterloo", "AADT": null, "AADT_DATE": null, "AADT_SOURCE": null, "LENGTH_M": 113.61913175894148 }, "geometry": { "type": "LineString", "coordinates": [ [ -80.533137533999906, 43.483552934 ], [ -80.533192528, 43.483489885 ], [ -80.533330236, 43.483332005000101 ], [ -80.533366579, 43.483292396000103 ], [ -80.533405178999899, 43.483254245000097 ], [ -80.533414609, 43.483245477 ], [ -80.533465882, 43.483201027000099 ], [ -80.533519849, 43.4831592520001 ], [ -80.533566451999903, 43.483126703 ], [ -80.533616268999893, 43.483095008000099 ], [ -80.53398915, 43.482868547000102 ], [ -80.534085136, 43.482810252 ] ] } },
{ "type": "Feature", "properties": { "OBJECTID": 1565, "SEGMENT_ID": 80436, "STREET_NAME": "UW CAMPUS LANE", "FROM_LEFT": 0.0, "TO_LEFT": 0.0, "FROM_RIGHT": 0.0, "TO_RIGHT": 0.0, "LEFT_PARITY": "Z", "RIGHT_PARITY": "Z", "FROM_STREET": null, "TO_STREET": null, "STATUS_PHYSICAL": "BUILT", "STREET_TYPE": "ACCESS LANE", "MAIN_ROAD": "N", "CARTO_CLASS": "Private", "FLOW_DIRECTION": "TwoWay", "NUMBER_LANES": 2.0, "SPEED_ZONE": 60.0, "PLOW_PRIORITY": "Other", "FIRE_ROUTE": null, "CUL_DE_SAC": "N", "MEDIAN": null, "LEFT_MUNICIPALITY": "Waterloo", "RIGHT_MUNICIPALITY": "Waterloo", "OWNED_BY": "UW", "MANAGED_BY": "UW", "AADT": null, "AADT_DATE": null, "AADT_SOURCE": null, "LENGTH_M": 66.546396062378435 }, "geometry": { "type": "LineString", "coordinates": [ [ -80.55107685095011, 43.47291943796472 ], [ -80.551140493101528, 43.473011232704188 ], [ -80.551140494, 43.473011234000097 ] ] } },
{ "type": "Feature", "properties": { "OBJECTID": 1583, "SEGMENT_ID": 7266, "STREET_NAME": "ALBERT ST", "FROM_LEFT": 651.0, "TO_LEFT": 657.0, "FROM_RIGHT": 0.0, "TO_RIGHT": 0.0, "LEFT_PARITY": "O", "RIGHT_PARITY": "E", "FROM_STREET": "LONGWOOD DR", "TO_STREET": "WEBER ST N", "STATUS_PHYSICAL": "BUILT", "STREET_TYPE": "ROAD", "MAIN_ROAD": "Y", "CARTO_CLASS": "Major Collector", "FLOW_DIRECTION": "TwoWay", "NUMBER_LANES": 4.0, "SPEED_ZONE": 60.0, "PLOW_PRIORITY": "2", "FIRE_ROUTE": "Secondary", "CUL_DE_SAC": "N", "MEDIAN": null, "LEFT_MUNICIPALITY": "Waterloo", "RIGHT_MUNICIPALITY": "Waterloo", "OWNED_BY": "Waterloo", "MANAGED_BY": "Waterloo", "AADT": null, "AADT_DATE": null, "AADT_SOURCE": null, "LENGTH_M": 251.19929781413461 }, "geometry": { "type": "LineString", "coordinates": [ [ -80.539561469, 43.490401007000102 ], [ -80.538079196999902, 43.491111718000099 ], [ -80.537987935, 43.491158550000101 ], [ -80.537899072999906, 43.491210448000103 ], [ -80.537814807, 43.491266261000099 ], [ -80.537735461999901, 43.491325772 ], [ -80.537661342, 43.491388754000099 ], [ -80.537592732999897, 43.491454963000102 ], [ -80.5375299, 43.491524145 ], [ -80.537473085, 43.4915960330001 ], [ -80.537422508, 43.491670348000099 ], [ -80.537379267999896, 43.4917452380001 ], [ -80.537364921999895, 43.4917723840001 ], [ -80.537308429999896, 43.491879277000102 ] ] } },
{ "type": "Feature", "properties": { "OBJECTID": 1584, "SEGMENT_ID": 7231, "STREET_NAME": "HAZEL ST", "FROM_LEFT": 0.0, "TO_LEFT": 0.0, "FROM_RIGHT": 300.0, "TO_RIGHT": 300.0, "LEFT_PARITY": "O", "RIGHT_PARITY": "E", "FROM_STREET": "HICKORY ST W", "TO_STREET": "COLUMBIA ST W", "STATUS_PHYSICAL": "BUILT", "STREET_TYPE": "ROAD", "MAIN_ROAD": "N", "CARTO_CLASS": "Minor Collector", "FLOW_DIRECTION": "TwoWay", "NUMBER_LANES": 2.0, "SPEED_ZONE": 50.0, "PLOW_PRIORITY": "3", "FIRE_ROUTE": "Secondary", "CUL_DE_SAC": "N", "MEDIAN": null, "LEFT_MUNICIPALITY": "Waterloo", "RIGHT_MUNICIPALITY": "Waterloo", "OWNED_BY": "Waterloo", "MANAGED_BY": "Waterloo", "AADT": null, "AADT_DATE": null, "AADT_SOURCE": null, "LENGTH_M": 296.53599389623156 }, "geometry": { "type": "LineString", "coordinates": [ [ -80.531665991981839, 43.479856123922097 ], [ -80.531712835, 43.479913554000099 ] ] } },
{ "type": "Feature", "properties": { "OBJECTID": 1603, "SEGMENT_ID": 7147, "STREET_NAME": "MILFORD AVE", "FROM_LEFT": 67.0, "TO_LEFT": 67.0, "FROM_RIGHT": 60.0, "TO_RIGHT": 70.0, "LEFT_PARITY": "O", "RIGHT_PARITY": "E", "FROM_STREET": "WEBER ST N", "TO_STREET": "BARRIE PL", "STATUS_PHYSICAL": "BUILT", "STREET_TYPE": "ROAD", "MAIN_ROAD": "N", "CARTO_CLASS": "Local Street", "FLOW_DIRECTION": "TwoWay", "NUMBER_LANES": 2.0, "SPEED_ZONE": 40.0, "PLOW_PRIORITY": "2", "FIRE_ROUTE": null, "CUL_DE_SAC": "N", "MEDIAN": null, "LEFT_MUNICIPALITY": "Waterloo", "RIGHT_MUNICIPALITY": "Waterloo", "OWNED_BY": "Waterloo", "MANAGED_BY": "Waterloo", "AADT": null, "AADT_DATE": null, "AADT_SOURCE": null, "LENGTH_M": 91.879331285178452 }, "geometry": { "type": "LineString", "coordinates": [ [ -80.531069999, 43.486654024000103 ], [ -80.531203046, 43.4865967470001 ], [ -80.531952289999893, 43.486274188 ], [ -80.532048004, 43.486232910000098 ] ] } },
{ "type": "Feature", "properties": { "OBJECTID": 1611, "SEGMENT_ID": 395, "STREET_NAME": "ALBERT ST", "FROM_LEFT": 285.0, "TO_LEFT": 349.0, "FROM_RIGHT": 284.0, "TO_RIGHT": 342.0, "LEFT_PARITY": "O", "RIGHT_PARITY": "E", "FROM_STREET": "HICKORY ST W", "TO_STREET": "COLUMBIA ST W", "STATUS_PHYSICAL": "BUILT", "STREET_TYPE": "ROAD", "MAIN_ROAD": "Y", "CARTO_CLASS": "Major Collector", "FLOW_DIRECTION": "TwoWay", "NUMBER_LANES": 2.0, "SPEED_ZONE": 50.0, "PLOW_PRIORITY": "2", "FIRE_ROUTE": "Secondary", "CUL_DE_SAC": "N", "MEDIAN": null, "LEFT_MUNICIPALITY": "Waterloo", "RIGHT_MUNICIPALITY": "Waterloo", "OWNED_BY": "Waterloo", "MANAGED_BY": "Waterloo", "AADT": null, "AADT_DATE": null, "AADT_SOURCE": null, "LENGTH_M": 256.2724364608373 }, "geometry": { "type": "LineString", "coordinates": [ [ -80.535215761926423, 43.478578341000208 ], [ -80.535258825, 43.478644082000102 ] ] } },
{ "type": "Feature", "properties": { "OBJECTID": 1612, "SEGMENT_ID": 7953, "STREET_NAME": "ALBERT ST", "FROM_LEFT": 515.0, "TO_LEFT": 525.0, "FROM_RIGHT": 0.0, "TO_RIGHT": 0.0, "LEFT_PARITY": "O", "RIGHT_PARITY": "E", "FROM_STREET": "QUIET PL", "TO_STREET": "GREENBRIER DR", "STATUS_PHYSICAL": "BUILT", "STREET_TYPE": "ROAD", "MAIN_ROAD": "Y", "CARTO_CLASS": "Major Collector", "FLOW_DIRECTION": "TwoWay", "NUMBER_LANES": 4.0, "SPEED_ZONE": 60.0, "PLOW_PRIORITY": "2", "FIRE_ROUTE": "Secondary", "CUL_DE_SAC": "N", "MEDIAN": null, "LEFT_MUNICIPALITY": "Waterloo", "RIGHT_MUNICIPALITY": "Waterloo", "OWNED_BY": "Waterloo", "MANAGED_BY": "Waterloo", "AADT": null, "AADT_DATE": null, "AADT_SOURCE": null, "LENGTH_M": 104.84295650989118 }, "geometry": { "type": "LineString", "coordinates": [ [ -80.54148393, 43.487311299000098 ], [ -80.541484313999902, 43.487378087 ], [ -80.541474382, 43.487820939000102 ], [ -80.54146661, 43.488167189000102 ], [ -80.541464637, 43.488255205 ] ] } },
{ "type": "Feature", "properties": { "OBJECTID": 1672, "SEGMENT_ID": 7951, "STREET_NAME": "ALBERT ST", "FROM_LEFT": 451.0, "TO_LEFT": 511.0, "FROM_RIGHT": 460.0, "TO_RIGHT": 512.0, "LEFT_PARITY": "O", "RIGHT_PARITY": "E", "FROM_STREET": "HAZEL ST", "TO_STREET": "QUIET PL", "STATUS_PHYSICAL": "BUILT", "STREET_TYPE": "ROAD", "MAIN_ROAD": "Y", "CARTO_CLASS": "Major Collector", "FLOW_DIRECTION": "TwoWay", "NUMBER_LANES": 4.0, "SPEED_ZONE": 60.0, "PLOW_PRIORITY": "2", "FIRE_ROUTE": "Secondary", "CUL_DE_SAC": "N", "MEDIAN": null, "LEFT_MUNICIPALITY": "Waterloo", "RIGHT_MUNICIPALITY": "Waterloo", "OWNED_BY": "Waterloo", "MANAGED_BY": "Waterloo", "AADT": null, "AADT_DATE": null, "AADT_SOURCE": null, "LENGTH_M": 245.78302367205623 }, "geometry": { "type": "LineString", "coordinates": [ [ -80.540422211, 43.485280248 ], [ -80.540826991999893, 43.485728665000103 ], [ -80.540902979999899, 43.485816179 ], [ -80.540974032999898, 43.485904771 ], [ -80.541040697, 43.485995044 ], [ -80.541108924, 43.486096233000097 ], [ -80.541171673999898, 43.486199183000103 ], [ -80.54122891, 43.486303822 ], [ -80.541280610999905, 43.486410129 ], [ -80.541320573999897, 43.48650279 ], [ -80.541356319, 43.486596508 ], [ -80.541387745, 43.486691044000104 ], [ -80.541414882, 43.486786523 ], [ -80.541431955999897, 43.486856819 ], [ -80.541455385999896, 43.4869761570001 ], [ -80.541471975, 43.487095655000097 ], [ -80.541481840999893, 43.487216273000101 ], [ -80.541483619, 43.487257184 ], [ -80.54148393, 43.487311299000098 ] ] } },
{ "type": "Feature", "properties": { "OBJECTID": 1673, "SEGMENT_ID": 1808, "STREET_NAME": "HOLLY ST", "FROM_LEFT": 365.0, "TO_LEFT": 367.0, "FROM_RIGHT": 366.0, "TO_RIGHT": 366.0, "LEFT_PARITY": "O", "RIGHT_PARITY": "E", "FROM_STREET": "COLUMBIA ST W", "TO_STREET": "HIGH ST", "STATUS_PHYSICAL": "BUILT", "STREET_TYPE": "ROAD", "MAIN_ROAD": "N", "CARTO_CLASS": "Local Street", "FLOW_DIRECTION": "TwoWay", "NUMBER_LANES": 2.0, "SPEED_ZONE": 50.0, "PLOW_PRIORITY": "2", "FIRE_ROUTE": null, "CUL_DE_SAC": "N", "MEDIAN": null, "LEFT_MUNICIPALITY": "Waterloo", "RIGHT_MUNICIPALITY": "Waterloo", "OWNED_BY": "Waterloo", "MANAGED_BY": "Waterloo", "AADT": null, "AADT_DATE": null, "AADT_SOURCE": null, "LENGTH_M": 95.060671248530824 }, "geometry": { "type": "LineString", "coordinates": [ [ -80.528719467, 43.480985934 ], [ -80.528773865999895, 43.481066258000098 ], [ -80.529190204, 43.481681004000102 ], [ -80.529239496999907, 43.481753557 ] ] } },
{ "type": "Feature", "properties": { "OBJECTID": 1678, "SEGMENT_ID": 7141, "STREET_NAME": "TAMARACK DR", "FROM_LEFT": 437.0, "TO_LEFT": 459.0, "FROM_RIGHT": 438.0, "TO_RIGHT": 458.0, "LEFT_PARITY": "O", "RIGHT_PARITY": "E", "FROM_STREET": "MILFORD AVE", "TO_STREET": "HAZEL ST", "STATUS_PHYSICAL": "BUILT", "STREET_TYPE": "ROAD", "MAIN_ROAD": "N", "CARTO_CLASS": "Local Street", "FLOW_DIRECTION": "TwoWay", "NUMBER_LANES": 2.0, "SPEED_ZONE": 50.0, "PLOW_PRIORITY": "3", "FIRE_ROUTE": null, "CUL_DE_SAC": "N", "MEDIAN": null, "LEFT_MUNICIPALITY": "Waterloo", "RIGHT_MUNICIPALITY": "Waterloo", "OWNED_BY": "Waterloo", "MANAGED_BY": "Waterloo", "AADT": null, "AADT_DATE": null, "AADT_SOURCE": null, "LENGTH_M": 199.65864356159639 }, "geometry": { "type": "LineString", "coordinates": [ [ -80.534881927999905, 43.484973629000102 ], [ -80.534933956, 43.485019046 ], [ -80.53555814, 43.485563923 ], [ -80.535590016999905, 43.485586129000097 ], [ -80.535633274, 43.485604964000103 ], [ -80.535681204999904, 43.485616317000101 ], [ -80.535731401, 43.485619620000101 ], [ -80.535781349, 43.485614708000099 ], [ -80.535828545, 43.485601825000103 ], [ -80.535865365999896, 43.4855841420001 ], [ -80.535968491999895, 43.485521508 ], [ -80.536269392, 43.485338761 ], [ -80.536419837, 43.485247387000101 ], [ -80.536593432, 43.485141955000103 ], [ -80.536689418, 43.4850836580001 ] ] } },
{ "type": "Feature", "properties": { "OBJECTID": 1709, "SEGMENT_ID": 8031, "STREET_NAME": "GREENBRIER DR", "FROM_LEFT": 106.0, "TO_LEFT": 108.0, "FROM_RIGHT": 105.0, "TO_RIGHT": 113.0, "LEFT_PARITY": "E", "RIGHT_PARITY": "O", "FROM_STREET": "ALBERT ST", "TO_STREET": "MOCCASIN DR", "STATUS_PHYSICAL": "BUILT", "STREET_TYPE": "ROAD", "MAIN_ROAD": "N", "CARTO_CLASS": "Local Street", "FLOW_DIRECTION": "TwoWay", "NUMBER_LANES": 2.0, "SPEED_ZONE": 50.0, "PLOW_PRIORITY": "3", "FIRE_ROUTE": null, "CUL_DE_SAC": "N", "MEDIAN": null, "LEFT_MUNICIPALITY": "Waterloo", "RIGHT_MUNICIPALITY": "Waterloo", "OWNED_BY": "Waterloo", "MANAGED_BY": "Waterloo", "AADT": null, "AADT_DATE": null, "AADT_SOURCE": null, "LENGTH_M": 88.557268536211282 }, "geometry": { "type": "LineString", "coordinates": [ [ -80.541464637, 43.488255205 ], [ -80.541311703, 43.488253470000103 ], [ -80.541307897, 43.488253426 ], [ -80.541197430999901, 43.488252108 ], [ -80.541116138999897, 43.488252644000099 ], [ -80.54103631, 43.4882561000001 ], [ -80.540960943, 43.488262085 ], [ -80.540886227, 43.488270669 ], [ -80.540798115, 43.488284268 ], [ -80.540711578, 43.488301400000097 ], [ -80.540618582, 43.488324206000101 ], [ -80.540527128999898, 43.488351318000099 ], [ -80.5404768289999, 43.488368339 ], [ -80.540402063, 43.488394792000101 ] ] } },
{ "type": "Feature", "properties": { "OBJECTID": 1716, "SEGMENT_ID": 29799, "STREET_NAME": "RESIDENCE RD", "FROM_LEFT": 0.0, "TO_LEFT": 0.0, "FROM_RIGHT": 0.0, "TO_RIGHT": 0.0, "LEFT_PARITY": "Z", "RIGHT_PARITY": "Z", "FROM_STREET": "WESTMOUNT RD N", "TO_STREET": "RESIDENCE RD", "STATUS_PHYSICAL": "BUILT", "STREET_TYPE": "ROAD", "MAIN_ROAD": "N", "CARTO_CLASS": "Private", "FLOW_DIRECTION": "TwoWay", "NUMBER_LANES": null, "SPEED_ZONE": null, "PLOW_PRIORITY": "Other", "FIRE_ROUTE": null, "CUL_DE_SAC": "N", "MEDIAN": null, "LEFT_MUNICIPALITY": "Waterloo", "RIGHT_MUNICIPALITY": "Waterloo", "OWNED_BY": "UW", "MANAGED_BY": "UW", "AADT": null, "AADT_DATE": null, "AADT_SOURCE": null, "LENGTH_M": 273.67520541926558 }, "geometry": { "type": "LineString", "coordinates": [ [ -80.562589854999899, 43.474132765 ], [ -80.562592464, 43.474132224000101 ], [ -80.562736636, 43.474102312000099 ], [ -80.562778674999905, 43.474083419000102 ], [ -80.563116001, 43.473781673000097 ], [ -80.563142618, 43.473742914000098 ], [ -80.563156998, 43.473704514000097 ], [ -80.56316051, 43.473669838 ], [ -80.563155735999899, 43.473635505000097 ], [ -80.563145366999905, 43.473599579000101 ], [ -80.563142748, 43.473559744000099 ], [ -80.563147990999894, 43.473532509000101 ], [ -80.563158482999896, 43.473505497000097 ], [ -80.563174675, 43.473478506 ], [ -80.563261987, 43.473396038 ], [ -80.564568961, 43.472224037 ] ] } },
{ "type": "Feature", "properties": { "OBJECTID": 1746, "SEGMENT_ID": 7205, "STREET_NAME": "CARDILL CRES", "FROM_LEFT": 77.0, "TO_LEFT": 81.0, "FROM_RIGHT": 76.0, "TO_RIGHT": 78.0, "LEFT_PARITY": "O", "RIGHT_PARITY": "E", "FROM_STREET": "CARDILL CRES", "TO_STREET": "ALBERT ST", "STATUS_PHYSICAL": "BUILT", "STREET_TYPE": "ROAD", "MAIN_ROAD": "N", "CARTO_CLASS": "Local Street", "FLOW_DIRECTION": "TwoWay", "NUMBER_LANES": 2.0, "SPEED_ZONE": 50.0, "PLOW_PRIORITY": "3", "FIRE_ROUTE": null, "CUL_DE_SAC": "N", "MEDIAN": null, "LEFT_MUNICIPALITY": "Waterloo", "RIGHT_MUNICIPALITY": "Waterloo", "OWNED_BY": "Waterloo", "MANAGED_BY": "Waterloo", "AADT": null, "AADT_DATE": null, "AADT_SOURCE": null, "LENGTH_M": 103.53301939890889 }, "geometry": { "type": "LineString", "coordinates": [ [ -80.535681882999896, 43.481242308 ], [ -80.536212330999902, 43.481037010000101 ], [ -80.536812373, 43.480804817 ] ] } },
{ "type": "Feature", "properties": { "OBJECTID": 1750, "SEGMENT_ID": 7334, "STREET_NAME": "GATESTONE BLVD", "FROM_LEFT": 0.0, "TO_LEFT": 0.0, "FROM_RIGHT": 448.0, "TO_RIGHT": 450.0, "LEFT_PARITY": "O", "RIGHT_PARITY": "E", "FROM_STREET": "TIMBERCROFT CRES", "TO_STREET": "FISCHER-HALLMAN RD N", "STATUS_PHYSICAL": "BUILT", "STREET_TYPE": "ROAD", "MAIN_ROAD": "N", "CARTO_CLASS": "Minor Collector", "FLOW_DIRECTION": "TwoWay", "NUMBER_LANES": 2.0, "SPEED_ZONE": 40.0, "PLOW_PRIORITY": "2", "FIRE_ROUTE": "Secondary", "CUL_DE_SAC": "N", "MEDIAN": null, "LEFT_MUNICIPALITY": "Waterloo", "RIGHT_MUNICIPALITY": "Waterloo", "OWNED_BY": "Waterloo", "MANAGED_BY": "Waterloo", "AADT": null, "AADT_DATE": null, "AADT_SOURCE": null, "LENGTH_M": 72.334721221761072 }, "geometry": { "type": "LineString", "coordinates": [ [ -80.568691443489044, 43.470231850562598 ], [ -80.568551156, 43.470295654 ] ] } },
{ "type": "Feature", "properties": { "OBJECTID": 1759, "SEGMENT_ID": 30295, "STREET_NAME": "HAGEY BLVD", "FROM_LEFT": 0.0, "TO_LEFT": 0.0, "FROM_RIGHT": 0.0, "TO_RIGHT": 0.0, "LEFT_PARITY": "Z", "RIGHT_PARITY": "Z", "FROM_STREET": "WES GRAHAM WAY", "TO_STREET": "HAGEY BLVD", "STATUS_PHYSICAL": "BUILT", "STREET_TYPE": "Roundabout", "MAIN_ROAD": "Y", "CARTO_CLASS": "Roundabout", "FLOW_DIRECTION": "FromTo", "NUMBER_LANES": 1.0, "SPEED_ZONE": 50.0, "PLOW_PRIORITY": "2", "FIRE_ROUTE": "Secondary", "CUL_DE_SAC": "N", "MEDIAN": null, "LEFT_MUNICIPALITY": "Waterloo", "RIGHT_MUNICIPALITY": "Waterloo", "OWNED_BY": "Waterloo", "MANAGED_BY": "Waterloo", "AADT": null, "AADT_DATE": null, "AADT_SOURCE": null, "LENGTH_M": 54.974304308223218 }, "geometry": { "type": "LineString", "coordinates": [ [ -80.550302719999905, 43.479866495000103 ], [ -80.550283528413999, 43.479838908841899 ], [ -80.550260618761001, 43.479812865888 ], [ -80.550234224697306, 43.479788631751497 ], [ -80.5502046154174, 43.479766453597698 ], [ -80.550172092907601, 43.479746557622398 ], [ -80.550136988866399, 43.479729146745598 ], [ -80.550099661321696, 43.479714398541702 ], [ -80.550060490978595, 43.479702463428197 ], [ -80.550019877337405, 43.479693463132001 ], [ -80.549978234618393, 43.4796874894475 ], [ -80.549935987537694, 43.479684603300498 ], [ -80.549893566975001, 43.479684834126999 ], [ -80.549851405579801, 43.479688179572797 ], [ -80.549809933358006, 43.479694605517601 ], [ -80.549769573286596, 43.479704046422697 ], [ -80.549730736999905, 43.479716406000101 ] ] } },
{ "type": "Feature", "properties": { "OBJECTID": 1776, "SEGMENT_ID": 7235, "STREET_NAME": "ALBERT ST", "FROM_LEFT": 403.0, "TO_LEFT": 441.0, "FROM_RIGHT": 400.0, "TO_RIGHT": 446.0, "LEFT_PARITY": "O", "RIGHT_PARITY": "E", "FROM_STREET": "CARDILL CRES", "TO_STREET": "PHILLIP ST", "STATUS_PHYSICAL": "BUILT", "STREET_TYPE": "ROAD", "MAIN_ROAD": "Y", "CARTO_CLASS": "Major Collector", "FLOW_DIRECTION": "TwoWay", "NUMBER_LANES": 4.0, "SPEED_ZONE": 60.0, "PLOW_PRIORITY": "2", "FIRE_ROUTE": "Secondary", "CUL_DE_SAC": "N", "MEDIAN": null, "LEFT_MUNICIPALITY": "Waterloo", "RIGHT_MUNICIPALITY": "Waterloo", "OWNED_BY": "Waterloo", "MANAGED_BY": "Waterloo", "AADT": null, "AADT_DATE": null, "AADT_SOURCE": null, "LENGTH_M": 461.18428468024388 }, "geometry": { "type": "LineString", "coordinates": [ [ -80.536812373, 43.480804817 ], [ -80.537235725999906, 43.481397098000102 ], [ -80.537427059, 43.4816648010001 ], [ -80.537602909, 43.481910780000099 ], [ -80.537776851, 43.482154118 ], [ -80.538453338999901, 43.4831005570001 ], [ -80.538497665, 43.483149621000102 ], [ -80.538771203, 43.483452431 ], [ -80.539575169, 43.484342377000097 ], [ -80.539634114, 43.484407628 ] ] } },
{ "type": "Feature", "properties": { "OBJECTID": 1851, "SEGMENT_ID": 7143, "STREET_NAME": "BLYTHWOOD RD", "FROM_LEFT": 79.0, "TO_LEFT": 113.0, "FROM_RIGHT": 82.0, "TO_RIGHT": 114.0, "LEFT_PARITY": "O", "RIGHT_PARITY": "E", "FROM_STREET": "PARKWOOD CRT", "TO_STREET": "HAZEL ST", "STATUS_PHYSICAL": "BUILT", "STREET_TYPE": "ROAD", "MAIN_ROAD": "N", "CARTO_CLASS": "Local Street", "FLOW_DIRECTION": "TwoWay", "NUMBER_LANES": 2.0, "SPEED_ZONE": 50.0, "PLOW_PRIORITY": "3", "FIRE_ROUTE": null, "CUL_DE_SAC": "N", "MEDIAN": null, "LEFT_MUNICIPALITY": "Waterloo", "RIGHT_MUNICIPALITY": "Waterloo", "OWNED_BY": "Waterloo", "MANAGED_BY": "Waterloo", "AADT": null, "AADT_DATE": null, "AADT_SOURCE": null, "LENGTH_M": 358.3356796449159 }, "geometry": { "type": "LineString", "coordinates": [ [ -80.533640871, 43.48730032 ], [ -80.533730195, 43.487261873000101 ], [ -80.534194537, 43.487061993000097 ], [ -80.534281374, 43.487026557 ], [ -80.534362819, 43.486996748000102 ], [ -80.534446965, 43.486969202000097 ], [ -80.534458203, 43.486965768000097 ], [ -80.53455096, 43.486939520000099 ], [ -80.534644366, 43.4869166820001 ], [ -80.534730416999906, 43.4868986930001 ], [ -80.53547005, 43.486756488 ], [ -80.535586408, 43.486731748000103 ], [ -80.535701296999903, 43.486702556000097 ], [ -80.535739931, 43.486691643 ], [ -80.535848143, 43.486658018000099 ], [ -80.535954728, 43.486620209000101 ], [ -80.536056914, 43.486579279000097 ], [ -80.536155279999903, 43.486535165000099 ], [ -80.536177035, 43.486524745000096 ], [ -80.536281039999906, 43.486471394 ], [ -80.53638072, 43.486414141000097 ], [ -80.536714645, 43.486211391 ], [ -80.536873796, 43.486114763 ], [ -80.537032940999893, 43.486018129000101 ], [ -80.537365703, 43.485816085000103 ], [ -80.537461712, 43.48575779 ] ] } },
{ "type": "Feature", "properties": { "OBJECTID": 1882, "SEGMENT_ID": 29796, "STREET_NAME": "RESIDENCE RD", "FROM_LEFT": 0.0, "TO_LEFT": 0.0, "FROM_RIGHT": 0.0, "TO_RIGHT": 0.0, "LEFT_PARITY": "Z", "RIGHT_PARITY": "Z", "FROM_STREET": "WESTMOUNT RD N", "TO_STREET": "RESIDENCE RD", "STATUS_PHYSICAL": "BUILT", "STREET_TYPE": "ROAD", "MAIN_ROAD": "N", "CARTO_CLASS": "Private", "FLOW_DIRECTION": "TwoWay", "NUMBER_LANES": null, "SPEED_ZONE": null, "PLOW_PRIORITY": "Other", "FIRE_ROUTE": null, "CUL_DE_SAC": "N", "MEDIAN": null, "LEFT_MUNICIPALITY": "Waterloo", "RIGHT_MUNICIPALITY": "Waterloo", "OWNED_BY": "UW", "MANAGED_BY": "UW", "AADT": null, "AADT_DATE": null, "AADT_SOURCE": null, "LENGTH_M": 150.09754697870321 }, "geometry": { "type": "LineString", "coordinates": [ [ -80.561980595, 43.473182443 ], [ -80.561980595676971, 43.473182442659976 ], [ -80.5619832309999, 43.473181119000103 ], [ -80.562359059999906, 43.472992426000097 ], [ -80.562398419, 43.472970205000102 ], [ -80.562446071999901, 43.472936448 ], [ -80.562487075, 43.472898345 ], [ -80.562513194, 43.4728674300001 ], [ -80.562531642, 43.472839594 ], [ -80.562546525, 43.472812013000102 ], [ -80.562772359999897, 43.472329082 ], [ -80.56278735, 43.472300332 ], [ -80.562804985, 43.472272401000097 ], [ -80.562825162, 43.4722453810001 ], [ -80.562847878999904, 43.472219450000097 ], [ -80.562872932999895, 43.472194790000103 ], [ -80.562900220999893, 43.472171307000103 ], [ -80.562929638999904, 43.472149273000099 ], [ -80.562961085, 43.472128778000098 ], [ -80.562994354, 43.47210991 ] ] } },
{ "type": "Feature", "properties": { "OBJECTID": 1910, "SEGMENT_ID": 29798, "STREET_NAME": "RESIDENCE RD", "FROM_LEFT": 0.0, "TO_LEFT": 0.0, "FROM_RIGHT": 0.0, "TO_RIGHT": 0.0, "LEFT_PARITY": "Z", "RIGHT_PARITY": "Z", "FROM_STREET": "RESIDENCE RD", "TO_STREET": "RESIDENCE RD", "STATUS_PHYSICAL": "BUILT", "STREET_TYPE": "ROAD", "MAIN_ROAD": "N", "CARTO_CLASS": "Private", "FLOW_DIRECTION": "TwoWay", "NUMBER_LANES": 2.0, "SPEED_ZONE": null, "PLOW_PRIORITY": "Other", "FIRE_ROUTE": null, "CUL_DE_SAC": "N", "MEDIAN": null, "LEFT_MUNICIPALITY": "Waterloo", "RIGHT_MUNICIPALITY": "Waterloo", "OWNED_BY": "UW", "MANAGED_BY": "UW", "AADT": null, "AADT_DATE": null, "AADT_SOURCE": null, "LENGTH_M": 147.62437783957159 }, "geometry": { "type": "LineString", "coordinates": [ [ -80.562994354, 43.47210991 ], [ -80.563084660999905, 43.472070284 ], [ -80.563605437, 43.471883670000103 ], [ -80.563645387999898, 43.471871219 ], [ -80.56368695, 43.471861745000098 ], [ -80.563729608999907, 43.471855516000097 ], [ -80.563772958999905, 43.471852531 ], [ -80.56381649, 43.471852787 ], [ -80.56387395, 43.471858318 ], [ -80.563922917999903, 43.471867777000099 ], [ -80.563970125, 43.471881460000098 ], [ -80.564008451999896, 43.47189646 ], [ -80.564055888, 43.471920678000103 ], [ -80.564568961, 43.472224037 ] ] } },
{ "type": "Feature", "properties": { "OBJECTID": 1911, "SEGMENT_ID": 29801, "STREET_NAME": "RESIDENCE RD", "FROM_LEFT": 0.0, "TO_LEFT": 0.0, "FROM_RIGHT": 0.0, "TO_RIGHT": 0.0, "LEFT_PARITY": "Z", "RIGHT_PARITY": "Z", "FROM_STREET": "RESIDENCE RD", "TO_STREET": "RESIDENCE RD", "STATUS_PHYSICAL": "BUILT", "STREET_TYPE": "ROAD", "MAIN_ROAD": "N", "CARTO_CLASS": "Private", "FLOW_DIRECTION": "TwoWay", "NUMBER_LANES": null, "SPEED_ZONE": null, "PLOW_PRIORITY": "Other", "FIRE_ROUTE": null, "CUL_DE_SAC": "N", "MEDIAN": null, "LEFT_MUNICIPALITY": "Waterloo", "RIGHT_MUNICIPALITY": "Waterloo", "OWNED_BY": "UW", "MANAGED_BY": "UW", "AADT": null, "AADT_DATE": null, "AADT_SOURCE": null, "LENGTH_M": 137.08187994470759 }, "geometry": { "type": "LineString", "coordinates": [ [ -80.562035791, 43.470646397000102 ], [ -80.56189398, 43.47070338 ], [ -80.561413780999899, 43.470918499 ], [ -80.561144667999898, 43.470985076 ], [ -80.560924720999907, 43.471005567000098 ], [ -80.560846760999894, 43.470987443000098 ], [ -80.560783532, 43.470948129000099 ], [ -80.560725428999902, 43.470876696000097 ], [ -80.560657926, 43.470751932 ] ] } },
{ "type": "Feature", "properties": { "OBJECTID": 1912, "SEGMENT_ID": 29800, "STREET_NAME": "RESIDENCE RD", "FROM_LEFT": 0.0, "TO_LEFT": 0.0, "FROM_RIGHT": 0.0, "TO_RIGHT": 0.0, "LEFT_PARITY": "Z", "RIGHT_PARITY": "Z", "FROM_STREET": "RESIDENCE RD", "TO_STREET": "END", "STATUS_PHYSICAL": "BUILT", "STREET_TYPE": "ROAD", "MAIN_ROAD": "N", "CARTO_CLASS": "Private", "FLOW_DIRECTION": "TwoWay", "NUMBER_LANES": null, "SPEED_ZONE": null, "PLOW_PRIORITY": "Other", "FIRE_ROUTE": null, "CUL_DE_SAC": "N", "MEDIAN": null, "LEFT_MUNICIPALITY": "Waterloo", "RIGHT_MUNICIPALITY": "Waterloo", "OWNED_BY": "UW", "MANAGED_BY": "UW", "AADT": null, "AADT_DATE": null, "AADT_SOURCE": null, "LENGTH_M": 124.44239335439588 }, "geometry": { "type": "LineString", "coordinates": [ [ -80.562035791, 43.470646397000102 ], [ -80.562515774, 43.47048871 ], [ -80.562882800999901, 43.470387035 ], [ -80.563029679, 43.4703342110001 ], [ -80.563088707, 43.470277541 ], [ -80.563094137999897, 43.470202841000102 ], [ -80.563060577, 43.470120881000099 ], [ -80.562997706, 43.470031696 ] ] } },
{ "type": "Feature", "properties": { "OBJECTID": 1942, "SEGMENT_ID": 80331, "STREET_NAME": "WILDWOOD PL", "FROM_LEFT": 0.0, "TO_LEFT": 0.0, "FROM_RIGHT": 0.0, "TO_RIGHT": 0.0, "LEFT_PARITY": "Z", "RIGHT_PARITY": "Z", "FROM_STREET": "WILDWOOD PL", "TO_STREET": "CUL-DE-SAC", "STATUS_PHYSICAL": "BUILT", "STREET_TYPE": "ROAD", "MAIN_ROAD": "N", "CARTO_CLASS": "Local Street", "FLOW_DIRECTION": "TwoWay", "NUMBER_LANES": 2.0, "SPEED_ZONE": 50.0, "PLOW_PRIORITY": "3", "FIRE_ROUTE": null, "CUL_DE_SAC": "Y", "MEDIAN": null, "LEFT_MUNICIPALITY": "Waterloo", "RIGHT_MUNICIPALITY": "Waterloo", "OWNED_BY": "Waterloo", "MANAGED_BY": "Waterloo", "AADT": null, "AADT_DATE": null, "AADT_SOURCE": null, "LENGTH_M": 59.561633612147297 }, "geometry": { "type": "LineString", "coordinates": [ [ -80.537451547, 43.486982912 ], [ -80.5373570309999, 43.486963429000099 ], [ -80.537344062, 43.486962953 ], [ -80.537326037, 43.486964081000103 ], [ -80.537309256999905, 43.486967027 ], [ -80.537293275, 43.4869717770001 ], [ -80.5372784529999, 43.486978224 ], [ -80.537265135, 43.486986218 ], [ -80.537254164, 43.486995135 ], [ -80.537242729999903, 43.48700827 ], [ -80.537235015, 43.487022137000103 ], [ -80.537230833, 43.487036786 ], [ -80.537230321, 43.487051743000102 ], [ -80.537233494, 43.487066525 ], [ -80.537240251999904, 43.487080656 ], [ -80.537250373999896, 43.487093677000097 ], [ -80.537263533, 43.487105169000102 ], [ -80.537279306, 43.487114758000097 ], [ -80.537297178999907, 43.487122135 ], [ -80.537316578999906, 43.487127063000102 ], [ -80.537336879, 43.487129384000099 ], [ -80.537357423999893, 43.487129021 ], [ -80.537377546, 43.487125985 ], [ -80.537397353, 43.487120153 ], [ -80.537411376, 43.487113896 ], [ -80.53742457, 43.487105793000097 ], [ -80.537435941, 43.487096337 ], [ -80.537445227, 43.487085746 ], [ -80.537452222999903, 43.487074257000103 ], [ -80.537456538999905, 43.487062733000101 ], [ -80.537458689999895, 43.487047137 ], [ -80.537451547, 43.486982912 ] ] } },
{ "type": "Feature", "properties": { "OBJECTID": 1944, "SEGMENT_ID": 27145, "STREET_NAME": "HAGEY BLVD", "FROM_LEFT": 0.0, "TO_LEFT": 0.0, "FROM_RIGHT": 0.0, "TO_RIGHT": 0.0, "LEFT_PARITY": "Z", "RIGHT_PARITY": "Z", "FROM_STREET": "COLUMBIA ST W", "TO_STREET": "HAGEY BLVD", "STATUS_PHYSICAL": "BUILT", "STREET_TYPE": "ROAD", "MAIN_ROAD": "Y", "CARTO_CLASS": "Major Collector", "FLOW_DIRECTION": "TwoWay", "NUMBER_LANES": 4.0, "SPEED_ZONE": 50.0, "PLOW_PRIORITY": "2", "FIRE_ROUTE": "Secondary", "CUL_DE_SAC": "N", "MEDIAN": "Yes", "LEFT_MUNICIPALITY": "Waterloo", "RIGHT_MUNICIPALITY": "Waterloo", "OWNED_BY": "Waterloo", "MANAGED_BY": "Waterloo", "AADT": null, "AADT_DATE": null, "AADT_SOURCE": null, "LENGTH_M": 308.21891944125667 }, "geometry": { "type": "LineString", "coordinates": [ [ -80.546347475999895, 43.474727948000101 ], [ -80.547186907, 43.475955249 ], [ -80.548014877, 43.477181362000103 ], [ -80.54803778, 43.477215277 ] ] } },
{ "type": "Feature", "properties": { "OBJECTID": 1980, "SEGMENT_ID": 29802, "STREET_NAME": "RESIDENCE RD", "FROM_LEFT": 0.0, "TO_LEFT": 0.0, "FROM_RIGHT": 0.0, "TO_RIGHT": 0.0, "LEFT_PARITY": "Z", "RIGHT_PARITY": "Z", "FROM_STREET": "COLUMBIA ST W", "TO_STREET": "RESIDENCE RD", "STATUS_PHYSICAL": "BUILT", "STREET_TYPE": "ROAD", "MAIN_ROAD": "N", "CARTO_CLASS": "Private", "FLOW_DIRECTION": "TwoWay", "NUMBER_LANES": null, "SPEED_ZONE": null, "PLOW_PRIORITY": "Other", "FIRE_ROUTE": null, "CUL_DE_SAC": "N", "MEDIAN": null, "LEFT_MUNICIPALITY": "Waterloo", "RIGHT_MUNICIPALITY": "Waterloo", "OWNED_BY": "UW", "MANAGED_BY": "UW", "AADT": null, "AADT_DATE": null, "AADT_SOURCE": null, "LENGTH_M": 153.70761109291607 }, "geometry": { "type": "LineString", "coordinates": [ [ -80.561169977, 43.469414734000097 ], [ -80.561663817, 43.470148574000099 ], [ -80.561839678999903, 43.470387634000097 ], [ -80.562035791, 43.470646397000102 ] ] } },
{ "type": "Feature", "properties": { "OBJECTID": 1981, "SEGMENT_ID": 29797, "STREET_NAME": "RESIDENCE RD", "FROM_LEFT": 0.0, "TO_LEFT": 0.0, "FROM_RIGHT": 0.0, "TO_RIGHT": 0.0, "LEFT_PARITY": "Z", "RIGHT_PARITY": "Z", "FROM_STREET": "RESIDENCE RD", "TO_STREET": "RESIDENCE RD", "STATUS_PHYSICAL": "BUILT", "STREET_TYPE": "ROAD", "MAIN_ROAD": "N", "CARTO_CLASS": "Private", "FLOW_DIRECTION": "TwoWay", "NUMBER_LANES": null, "SPEED_ZONE": null, "PLOW_PRIORITY": "Other", "FIRE_ROUTE": null, "CUL_DE_SAC": "N", "MEDIAN": null, "LEFT_MUNICIPALITY": "Waterloo", "RIGHT_MUNICIPALITY": "Waterloo", "OWNED_BY": "UW", "MANAGED_BY": "UW", "AADT": null, "AADT_DATE": null, "AADT_SOURCE": null, "LENGTH_M": 69.199703202251726 }, "geometry": { "type": "LineString", "coordinates": [ [ -80.562611268999902, 43.47155308 ], [ -80.562967046, 43.472079827000101 ], [ -80.562994354, 43.47210991 ] ] } },
{ "type": "Feature", "properties": { "OBJECTID": 1994, "SEGMENT_ID": 7230, "STREET_NAME": "COLUMBIA ST W", "FROM_LEFT": 33.0, "TO_LEFT": 61.0, "FROM_RIGHT": 34.0, "TO_RIGHT": 58.0, "LEFT_PARITY": "O", "RIGHT_PARITY": "E", "FROM_STREET": "HOLLY ST", "TO_STREET": "HAZEL ST", "STATUS_PHYSICAL": "BUILT", "STREET_TYPE": "ROAD", "MAIN_ROAD": "Y", "CARTO_CLASS": "City Arterial", "FLOW_DIRECTION": "TwoWay", "NUMBER_LANES": 4.0, "SPEED_ZONE": 50.0, "PLOW_PRIORITY": "1", "FIRE_ROUTE": "Primary", "CUL_DE_SAC": "N", "MEDIAN": null, "LEFT_MUNICIPALITY": "Waterloo", "RIGHT_MUNICIPALITY": "Waterloo", "OWNED_BY": "Waterloo", "MANAGED_BY": "Waterloo", "AADT": null, "AADT_DATE": null, "AADT_SOURCE": null, "LENGTH_M": 269.79015276060204 }, "geometry": { "type": "LineString", "coordinates": [ [ -80.528719467, 43.480985934 ], [ -80.530174202999902, 43.480464354 ], [ -80.531712835, 43.479913554000099 ] ] } },
{ "type": "Feature", "properties": { "OBJECTID": 2018, "SEGMENT_ID": 7319, "STREET_NAME": "COLUMBIA ST W", "FROM_LEFT": 0.0, "TO_LEFT": 0.0, "FROM_RIGHT": 0.0, "TO_RIGHT": 0.0, "LEFT_PARITY": "Z", "RIGHT_PARITY": "Z", "FROM_STREET": "BEECHLAWN DR", "TO_STREET": "FISCHER-HALLMAN RD N", "STATUS_PHYSICAL": "BUILT", "STREET_TYPE": "ROAD", "MAIN_ROAD": "Y", "CARTO_CLASS": "City Arterial", "FLOW_DIRECTION": "TwoWay", "NUMBER_LANES": 4.0, "SPEED_ZONE": 60.0, "PLOW_PRIORITY": "1", "FIRE_ROUTE": "Primary", "CUL_DE_SAC": "N", "MEDIAN": "Yes", "LEFT_MUNICIPALITY": "Waterloo", "RIGHT_MUNICIPALITY": "Waterloo", "OWNED_BY": "Waterloo", "MANAGED_BY": "Waterloo", "AADT": null, "AADT_DATE": null, "AADT_SOURCE": null, "LENGTH_M": 451.06697353566818 }, "geometry": { "type": "LineString", "coordinates": [ [ -80.561169977, 43.469414734000097 ], [ -80.562024288, 43.469108850000097 ], [ -80.562138487, 43.469067963 ], [ -80.562699355999897, 43.4688671420001 ], [ -80.565465963999898, 43.467899903 ], [ -80.565915698, 43.467742589000103 ], [ -80.566190016999897, 43.4676462830001 ] ] } },
{ "type": "Feature", "properties": { "OBJECTID": 2073, "SEGMENT_ID": 80332, "STREET_NAME": "SORREL PL", "FROM_LEFT": 0.0, "TO_LEFT": 0.0, "FROM_RIGHT": 0.0, "TO_RIGHT": 0.0, "LEFT_PARITY": "Z", "RIGHT_PARITY": "Z", "FROM_STREET": "SORREL PL", "TO_STREET": "CUL-DE-SAC", "STATUS_PHYSICAL": "BUILT", "STREET_TYPE": "ROAD", "MAIN_ROAD": "N", "CARTO_CLASS": "Local Street", "FLOW_DIRECTION": "TwoWay", "NUMBER_LANES": 2.0, "SPEED_ZONE": 50.0, "PLOW_PRIORITY": "3", "FIRE_ROUTE": null, "CUL_DE_SAC": "Y", "MEDIAN": null, "LEFT_MUNICIPALITY": "Waterloo", "RIGHT_MUNICIPALITY": "Waterloo", "OWNED_BY": "Waterloo", "MANAGED_BY": "Waterloo", "AADT": null, "AADT_DATE": null, "AADT_SOURCE": null, "LENGTH_M": 59.510777727552068 }, "geometry": { "type": "LineString", "coordinates": [ [ -80.532347268, 43.482713367 ], [ -80.53243413, 43.482713839 ], [ -80.53245075, 43.482711873 ], [ -80.532466794999905, 43.482708155000097 ], [ -80.532481917, 43.482702763000098 ], [ -80.53249572, 43.482695848 ], [ -80.532508306999901, 43.482687288000101 ], [ -80.532518952, 43.4826774960001 ], [ -80.532527467, 43.482666656 ], [ -80.532533661999906, 43.48265501 ], [ -80.532537396999899, 43.482642820000102 ], [ -80.532538589999902, 43.482630364 ], [ -80.532537211, 43.482617914000102 ], [ -80.532533294, 43.482605755000101 ], [ -80.532526925999903, 43.482594161000101 ], [ -80.5325182509999, 43.482583389000098 ], [ -80.532507461, 43.482573683000098 ], [ -80.532494801, 43.482565260000101 ], [ -80.532480553, 43.482558309000098 ], [ -80.532465037, 43.482552986 ], [ -80.532448605, 43.482549411 ], [ -80.532431623, 43.482547664 ], [ -80.532414473999907, 43.482547785000101 ], [ -80.53239754, 43.48254977 ], [ -80.532381206, 43.482553575000097 ], [ -80.532365837, 43.482559116000097 ], [ -80.532351774999896, 43.482566266 ], [ -80.532339341, 43.482574866 ], [ -80.53232881, 43.482584723000102 ], [ -80.532320421, 43.482595616 ], [ -80.532314363, 43.482607295 ], [ -80.532310772, 43.482619504000098 ], [ -80.532309724999905, 43.482631973 ], [ -80.532311249, 43.482644417000103 ], [ -80.532315306, 43.482656554000101 ], [ -80.532347268, 43.482713367 ] ] } },
{ "type": "Feature", "properties": { "OBJECTID": 2084, "SEGMENT_ID": 7197, "STREET_NAME": "COLUMBIA ST E", "FROM_LEFT": 30.0, "TO_LEFT": 30.0, "FROM_RIGHT": 25.0, "TO_RIGHT": 25.0, "LEFT_PARITY": "E", "RIGHT_PARITY": "O", "FROM_STREET": "REGINA ST N", "TO_STREET": "WEBER ST N", "STATUS_PHYSICAL": "BUILT", "STREET_TYPE": "ROAD", "MAIN_ROAD": "Y", "CARTO_CLASS": "City Arterial", "FLOW_DIRECTION": "TwoWay", "NUMBER_LANES": 4.0, "SPEED_ZONE": 50.0, "PLOW_PRIORITY": "1", "FIRE_ROUTE": "Primary", "CUL_DE_SAC": "N", "MEDIAN": null, "LEFT_MUNICIPALITY": "Waterloo", "RIGHT_MUNICIPALITY": "Waterloo", "OWNED_BY": "Waterloo", "MANAGED_BY": "Waterloo", "AADT": null, "AADT_DATE": null, "AADT_SOURCE": null, "LENGTH_M": 106.45815663486484 }, "geometry": { "type": "LineString", "coordinates": [ [ -80.524996755, 43.482351189 ], [ -80.524924272, 43.482382652000098 ], [ -80.524007264, 43.482779235000102 ], [ -80.523859493, 43.482833484 ] ] } },
{ "type": "Feature", "properties": { "OBJECTID": 2118, "SEGMENT_ID": 7167, "STREET_NAME": "HAZEL ST", "FROM_LEFT": 457.0, "TO_LEFT": 461.0, "FROM_RIGHT": 460.0, "TO_RIGHT": 464.0, "LEFT_PARITY": "O", "RIGHT_PARITY": "E", "FROM_STREET": "BLYTHWOOD RD", "TO_STREET": "WILDWOOD PL", "STATUS_PHYSICAL": "BUILT", "STREET_TYPE": "ROAD", "MAIN_ROAD": "N", "CARTO_CLASS": "Minor Collector", "FLOW_DIRECTION": "TwoWay", "NUMBER_LANES": 2.0, "SPEED_ZONE": 50.0, "PLOW_PRIORITY": "2", "FIRE_ROUTE": "Secondary", "CUL_DE_SAC": "N", "MEDIAN": null, "LEFT_MUNICIPALITY": "Waterloo", "RIGHT_MUNICIPALITY": "Waterloo", "OWNED_BY": "Waterloo", "MANAGED_BY": "Waterloo", "AADT": null, "AADT_DATE": null, "AADT_SOURCE": null, "LENGTH_M": 76.330551318012866 }, "geometry": { "type": "LineString", "coordinates": [ [ -80.537461712, 43.48575779 ], [ -80.537812781999904, 43.486064232 ], [ -80.537862584, 43.486107704000098 ], [ -80.537896759, 43.486132113000103 ], [ -80.537941828, 43.4861535900001 ], [ -80.537991777999906, 43.486168258000099 ], [ -80.538044694999897, 43.486175555 ], [ -80.538098554, 43.486175202 ], [ -80.538151286999906, 43.486167211000101 ], [ -80.53815215, 43.486166945 ] ] } },
{ "type": "Feature", "properties": { "OBJECTID": 2121, "SEGMENT_ID": 29794, "STREET_NAME": "RESIDENCE RD", "FROM_LEFT": 0.0, "TO_LEFT": 0.0, "FROM_RIGHT": 0.0, "TO_RIGHT": 0.0, "LEFT_PARITY": "Z", "RIGHT_PARITY": "Z", "FROM_STREET": "RESIDENCE RD", "TO_STREET": "RESIDENCE RD", "STATUS_PHYSICAL": "BUILT", "STREET_TYPE": "ROAD", "MAIN_ROAD": "N", "CARTO_CLASS": "Private", "FLOW_DIRECTION": "TwoWay", "NUMBER_LANES": 2.0, "SPEED_ZONE": null, "PLOW_PRIORITY": "Other", "FIRE_ROUTE": null, "CUL_DE_SAC": "N", "MEDIAN": null, "LEFT_MUNICIPALITY": "Waterloo", "RIGHT_MUNICIPALITY": "Waterloo", "OWNED_BY": "UW", "MANAGED_BY": "UW", "AADT": null, "AADT_DATE": null, "AADT_SOURCE": null, "LENGTH_M": 111.01438480576346 }, "geometry": { "type": "LineString", "coordinates": [ [ -80.562035791, 43.470646397000102 ], [ -80.562171228, 43.470900291000099 ], [ -80.562611268999902, 43.47155308 ] ] } },
{ "type": "Feature", "properties": { "OBJECTID": 2145, "SEGMENT_ID": 7217, "STREET_NAME": "BEARINGER RD", "FROM_LEFT": 209.0, "TO_LEFT": 209.0, "FROM_RIGHT": 204.0, "TO_RIGHT": 204.0, "LEFT_PARITY": "O", "RIGHT_PARITY": "E", "FROM_STREET": "PARKSIDE DR", "TO_STREET": "GLEN FORREST BLVD", "STATUS_PHYSICAL": "BUILT", "STREET_TYPE": "ROAD", "MAIN_ROAD": "Y", "CARTO_CLASS": "Major Collector", "FLOW_DIRECTION": "TwoWay", "NUMBER_LANES": 2.0, "SPEED_ZONE": 50.0, "PLOW_PRIORITY": "2", "FIRE_ROUTE": "Primary", "CUL_DE_SAC": "N", "MEDIAN": null, "LEFT_MUNICIPALITY": "Waterloo", "RIGHT_MUNICIPALITY": "Waterloo", "OWNED_BY": "Waterloo", "MANAGED_BY": "Waterloo", "AADT": null, "AADT_DATE": null, "AADT_SOURCE": null, "LENGTH_M": 348.97918749365414 }, "geometry": { "type": "LineString", "coordinates": [ [ -80.546799904999901, 43.485584229 ], [ -80.546946229999904, 43.485554871 ], [ -80.547075348, 43.485529281 ], [ -80.547202085, 43.485501267000103 ], [ -80.547348305, 43.485468376 ], [ -80.547492529, 43.485426519 ], [ -80.547669581, 43.485368244 ], [ -80.547830867, 43.485312363 ], [ -80.548002331, 43.485249150000101 ], [ -80.548147849, 43.485195665 ], [ -80.548381365, 43.485108124000099 ], [ -80.548621649, 43.485018152000102 ], [ -80.548898002, 43.484918493000102 ], [ -80.549184511, 43.484814777000103 ], [ -80.549768767, 43.484603974 ], [ -80.550181174, 43.484451834 ], [ -80.550606406, 43.4842923040001 ], [ -80.550700844860614, 43.484255847473882 ], [ -80.550701086999894, 43.484255754000102 ] ] } },
{ "type": "Feature", "properties": { "OBJECTID": 2146, "SEGMENT_ID": 4624, "STREET_NAME": "BEARINGER RD", "FROM_LEFT": 0.0, "TO_LEFT": 0.0, "FROM_RIGHT": 368.0, "TO_RIGHT": 590.0, "LEFT_PARITY": "O", "RIGHT_PARITY": "E", "FROM_STREET": "TOLL GATE BLVD", "TO_STREET": "PINERIDGE RD", "STATUS_PHYSICAL": "BUILT", "STREET_TYPE": "ROAD", "MAIN_ROAD": "Y", "CARTO_CLASS": "Major Collector", "FLOW_DIRECTION": "TwoWay", "NUMBER_LANES": 2.0, "SPEED_ZONE": 50.0, "PLOW_PRIORITY": "2", "FIRE_ROUTE": "Primary", "CUL_DE_SAC": "N", "MEDIAN": null, "LEFT_MUNICIPALITY": "Waterloo", "RIGHT_MUNICIPALITY": "Waterloo", "OWNED_BY": "Waterloo", "MANAGED_BY": "Waterloo", "AADT": null, "AADT_DATE": null, "AADT_SOURCE": null, "LENGTH_M": 326.39660968891502 }, "geometry": { "type": "LineString", "coordinates": [ [ -80.560164712, 43.484097528000099 ], [ -80.561029898999905, 43.484338806 ], [ -80.561157486, 43.484371883000101 ], [ -80.561289277999904, 43.484400893 ], [ -80.561422847999907, 43.484425218000098 ], [ -80.561557877, 43.484444800000098 ], [ -80.561694052999897, 43.484459595 ], [ -80.561831054, 43.484469566 ], [ -80.561968556999901, 43.484474691000102 ], [ -80.562106239999906, 43.484474958000099 ], [ -80.562243942999899, 43.48447036 ], [ -80.562390944999905, 43.484460044000102 ], [ -80.562537178, 43.484444154000101 ], [ -80.562682077, 43.484422743 ], [ -80.562825248, 43.4843958700001 ], [ -80.562966306, 43.484363609000098 ], [ -80.563104865, 43.484326046 ], [ -80.563240552, 43.484283285000103 ], [ -80.563338855, 43.484247773 ], [ -80.563711085, 43.484110678 ], [ -80.5639852689999, 43.484003746 ] ] } },
{ "type": "Feature", "properties": { "OBJECTID": 2147, "SEGMENT_ID": 29780, "STREET_NAME": "BEARINGER RD", "FROM_LEFT": 0.0, "TO_LEFT": 0.0, "FROM_RIGHT": 0.0, "TO_RIGHT": 0.0, "LEFT_PARITY": "Z", "RIGHT_PARITY": "Z", "FROM_STREET": "HAGEY BLVD", "TO_STREET": "TOLL GATE BLVD", "STATUS_PHYSICAL": "BUILT", "STREET_TYPE": "ROAD", "MAIN_ROAD": "Y", "CARTO_CLASS": "Major Collector", "FLOW_DIRECTION": "TwoWay", "NUMBER_LANES": 2.0, "SPEED_ZONE": 50.0, "PLOW_PRIORITY": "2", "FIRE_ROUTE": "Primary", "CUL_DE_SAC": "N", "MEDIAN": null, "LEFT_MUNICIPALITY": "Waterloo", "RIGHT_MUNICIPALITY": "Waterloo", "OWNED_BY": "Waterloo", "MANAGED_BY": "Waterloo", "AADT": null, "AADT_DATE": null, "AADT_SOURCE": null, "LENGTH_M": 466.80764649828097 }, "geometry": { "type": "LineString", "coordinates": [ [ -80.554701403, 43.482877396 ], [ -80.554816758, 43.482863306000098 ], [ -80.55495266, 43.482852024000103 ], [ -80.555089188, 43.482845966000099 ], [ -80.555225965, 43.482845152 ], [ -80.5553626129999, 43.482849583000103 ], [ -80.555498751, 43.482859245 ], [ -80.555633787, 43.482874091 ], [ -80.55575329, 43.482891749 ], [ -80.555871208, 43.482913402000101 ], [ -80.555987606, 43.482939049 ], [ -80.556100161, 43.482968103000097 ], [ -80.556147739, 43.482981296 ], [ -80.556612249, 43.4831101360001 ], [ -80.558471681, 43.48362587 ], [ -80.560014431999903, 43.484055617000102 ], [ -80.560164712, 43.484097528000099 ] ] } },
{ "type": "Feature", "properties": { "OBJECTID": 2148, "SEGMENT_ID": 29795, "STREET_NAME": "RESIDENCE RD", "FROM_LEFT": 0.0, "TO_LEFT": 0.0, "FROM_RIGHT": 0.0, "TO_RIGHT": 0.0, "LEFT_PARITY": "Z", "RIGHT_PARITY": "Z", "FROM_STREET": "RESIDENCE RD", "TO_STREET": "RESIDENCE RD", "STATUS_PHYSICAL": "BUILT", "STREET_TYPE": "ROAD", "MAIN_ROAD": "N", "CARTO_CLASS": "Private", "FLOW_DIRECTION": "TwoWay", "NUMBER_LANES": null, "SPEED_ZONE": null, "PLOW_PRIORITY": "Other", "FIRE_ROUTE": null, "CUL_DE_SAC": "N", "MEDIAN": null, "LEFT_MUNICIPALITY": "Waterloo", "RIGHT_MUNICIPALITY": "Waterloo", "OWNED_BY": "UW", "MANAGED_BY": "UW", "AADT": null, "AADT_DATE": null, "AADT_SOURCE": null, "LENGTH_M": 322.43971327542545 }, "geometry": { "type": "LineString", "coordinates": [ [ -80.564568961, 43.472224037 ], [ -80.565200475, 43.471656986 ], [ -80.565218123, 43.471634008000102 ], [ -80.565231707999899, 43.471596294000101 ], [ -80.565230825999905, 43.471561496 ], [ -80.565216735, 43.471530177 ], [ -80.565183216, 43.471494297 ], [ -80.564822791, 43.471279681000098 ], [ -80.564770602, 43.471260007000097 ], [ -80.564717244, 43.471251128000098 ], [ -80.564658508, 43.471250832000102 ], [ -80.564621008, 43.471255656 ], [ -80.56375095, 43.471453996 ], [ -80.563677957, 43.471468032000097 ], [ -80.563603956, 43.471479992000098 ], [ -80.563529966, 43.4714909630001 ], [ -80.563454967, 43.471500039 ], [ -80.563379977999901, 43.471508035000099 ], [ -80.563303984, 43.471513957000099 ], [ -80.563229024, 43.471517992 ], [ -80.562940028999904, 43.471527961 ], [ -80.562657981, 43.471535975000101 ], [ -80.562611268999902, 43.47155308 ] ] } },
{ "type": "Feature", "properties": { "OBJECTID": 2169, "SEGMENT_ID": 27140, "STREET_NAME": "NORTH CAMPUS RD", "FROM_LEFT": 0.0, "TO_LEFT": 0.0, "FROM_RIGHT": 0.0, "TO_RIGHT": 0.0, "LEFT_PARITY": "Z", "RIGHT_PARITY": "Z", "FROM_STREET": "RING RD", "TO_STREET": "COLUMBIA ST W", "STATUS_PHYSICAL": "BUILT", "STREET_TYPE": "ROAD", "MAIN_ROAD": "N", "CARTO_CLASS": "Local Street", "FLOW_DIRECTION": "TwoWay", "NUMBER_LANES": null, "SPEED_ZONE": null, "PLOW_PRIORITY": "Other", "FIRE_ROUTE": null, "CUL_DE_SAC": "N", "MEDIAN": "Yes", "LEFT_MUNICIPALITY": "Waterloo", "RIGHT_MUNICIPALITY": "Waterloo", "OWNED_BY": "UW", "MANAGED_BY": "UW", "AADT": null, "AADT_DATE": null, "AADT_SOURCE": null, "LENGTH_M": 80.208092446201462 }, "geometry": { "type": "LineString", "coordinates": [ [ -80.546257061370497, 43.474596036215274 ], [ -80.546347475999895, 43.474727948000101 ] ] } },
{ "type": "Feature", "properties": { "OBJECTID": 2171, "SEGMENT_ID": 1805, "STREET_NAME": "HOLLY ST", "FROM_LEFT": 375.0, "TO_LEFT": 379.0, "FROM_RIGHT": 374.0, "TO_RIGHT": 374.0, "LEFT_PARITY": "O", "RIGHT_PARITY": "E", "FROM_STREET": "HIGH ST", "TO_STREET": "AUSTIN DR", "STATUS_PHYSICAL": "BUILT", "STREET_TYPE": "ROAD", "MAIN_ROAD": "N", "CARTO_CLASS": "Local Street", "FLOW_DIRECTION": "TwoWay", "NUMBER_LANES": 2.0, "SPEED_ZONE": 50.0, "PLOW_PRIORITY": "3", "FIRE_ROUTE": null, "CUL_DE_SAC": "N", "MEDIAN": null, "LEFT_MUNICIPALITY": "Waterloo", "RIGHT_MUNICIPALITY": "Waterloo", "OWNED_BY": "Waterloo", "MANAGED_BY": "Waterloo", "AADT": null, "AADT_DATE": null, "AADT_SOURCE": null, "LENGTH_M": 97.508181175569234 }, "geometry": { "type": "LineString", "coordinates": [ [ -80.529239496999907, 43.481753557 ], [ -80.529290430999893, 43.481828526000101 ], [ -80.529507025, 43.482148475 ], [ -80.529654971, 43.4823670480001 ], [ -80.529723566, 43.482468346000097 ], [ -80.529772765, 43.482541001000101 ] ] } },
{ "type": "Feature", "properties": { "OBJECTID": 2172, "SEGMENT_ID": 27141, "STREET_NAME": "COLUMBIA ST W", "FROM_LEFT": 175.0, "TO_LEFT": 195.0, "FROM_RIGHT": 156.0, "TO_RIGHT": 200.0, "LEFT_PARITY": "O", "RIGHT_PARITY": "E", "FROM_STREET": "PHILLIP ST", "TO_STREET": "NORTH CAMPUS RD", "STATUS_PHYSICAL": "BUILT", "STREET_TYPE": "ROAD", "MAIN_ROAD": "Y", "CARTO_CLASS": "City Arterial", "FLOW_DIRECTION": "TwoWay", "NUMBER_LANES": 4.0, "SPEED_ZONE": 60.0, "PLOW_PRIORITY": "1", "FIRE_ROUTE": "Primary", "CUL_DE_SAC": "N", "MEDIAN": "Yes", "LEFT_MUNICIPALITY": "Waterloo", "RIGHT_MUNICIPALITY": "Waterloo", "OWNED_BY": "Waterloo", "MANAGED_BY": "Waterloo", "AADT": null, "AADT_DATE": null, "AADT_SOURCE": null, "LENGTH_M": 575.58231623325207 }, "geometry": { "type": "LineString", "coordinates": [ [ -80.539932093999894, 43.476970834 ], [ -80.540044526, 43.476930573000097 ], [ -80.543288199, 43.475823487000099 ], [ -80.544247245999898, 43.475480246000103 ], [ -80.545798088, 43.474924740000098 ], [ -80.546025319, 43.4748433500001 ], [ -80.546347475999895, 43.474727948000101 ] ] } },
{ "type": "Feature", "properties": { "OBJECTID": 2188, "SEGMENT_ID": 7209, "STREET_NAME": "COLUMBIA ST W", "FROM_LEFT": 65.0, "TO_LEFT": 101.0, "FROM_RIGHT": 64.0, "TO_RIGHT": 100.0, "LEFT_PARITY": "O", "RIGHT_PARITY": "E", "FROM_STREET": "HAZEL ST", "TO_STREET": "ALBERT ST", "STATUS_PHYSICAL": "BUILT", "STREET_TYPE": "ROAD", "MAIN_ROAD": "Y", "CARTO_CLASS": "City Arterial", "FLOW_DIRECTION": "TwoWay", "NUMBER_LANES": 4.0, "SPEED_ZONE": 50.0, "PLOW_PRIORITY": "1", "FIRE_ROUTE": "Primary", "CUL_DE_SAC": "N", "MEDIAN": null, "LEFT_MUNICIPALITY": "Waterloo", "RIGHT_MUNICIPALITY": "Waterloo", "OWNED_BY": "Waterloo", "MANAGED_BY": "Waterloo", "AADT": null, "AADT_DATE": null, "AADT_SOURCE": null, "LENGTH_M": 319.55895517876235 }, "geometry": { "type": "LineString", "coordinates": [ [ -80.531712835, 43.479913554000099 ], [ -80.534118942, 43.479052154 ], [ -80.535258825, 43.478644082000102 ] ] } },
{ "type": "Feature", "properties": { "OBJECTID": 2199, "SEGMENT_ID": 7153, "STREET_NAME": "BLYTHWOOD PL", "FROM_LEFT": 441.0, "TO_LEFT": 447.0, "FROM_RIGHT": 440.0, "TO_RIGHT": 446.0, "LEFT_PARITY": "O", "RIGHT_PARITY": "E", "FROM_STREET": "BLYTHWOOD PL", "TO_STREET": "BLYTHWOOD RD", "STATUS_PHYSICAL": "BUILT", "STREET_TYPE": "ROAD", "MAIN_ROAD": "N", "CARTO_CLASS": "Local Street", "FLOW_DIRECTION": "TwoWay", "NUMBER_LANES": 2.0, "SPEED_ZONE": 50.0, "PLOW_PRIORITY": "3", "FIRE_ROUTE": null, "CUL_DE_SAC": "N", "MEDIAN": null, "LEFT_MUNICIPALITY": "Waterloo", "RIGHT_MUNICIPALITY": "Waterloo", "OWNED_BY": "Waterloo", "MANAGED_BY": "Waterloo", "AADT": null, "AADT_DATE": null, "AADT_SOURCE": null, "LENGTH_M": 45.173006442668402 }, "geometry": { "type": "LineString", "coordinates": [ [ -80.532623885, 43.487265565 ], [ -80.532726862999894, 43.487392463 ], [ -80.532851498, 43.487545958000098 ], [ -80.532908141, 43.487615717 ] ] } },
{ "type": "Feature", "properties": { "OBJECTID": 2217, "SEGMENT_ID": 29715, "STREET_NAME": "WES GRAHAM WAY", "FROM_LEFT": 0.0, "TO_LEFT": 0.0, "FROM_RIGHT": 445.0, "TO_RIGHT": 485.0, "LEFT_PARITY": "E", "RIGHT_PARITY": "O", "FROM_STREET": "HAGEY BLVD", "TO_STREET": "WES GRAHAM WAY", "STATUS_PHYSICAL": "BUILT", "STREET_TYPE": "ROAD", "MAIN_ROAD": "N", "CARTO_CLASS": "Private", "FLOW_DIRECTION": "TwoWay", "NUMBER_LANES": null, "SPEED_ZONE": 50.0, "PLOW_PRIORITY": "Other", "FIRE_ROUTE": null, "CUL_DE_SAC": "N", "MEDIAN": null, "LEFT_MUNICIPALITY": "Waterloo", "RIGHT_MUNICIPALITY": "Waterloo", "OWNED_BY": "UW", "MANAGED_BY": "UW", "AADT": null, "AADT_DATE": null, "AADT_SOURCE": null, "LENGTH_M": 355.45362072693246 }, "geometry": { "type": "LineString", "coordinates": [ [ -80.550302719999905, 43.479866495000103 ], [ -80.550765687, 43.479684055000099 ], [ -80.550831984, 43.479657929 ], [ -80.554236182999901, 43.478439146 ] ] } },
{ "type": "Feature", "properties": { "OBJECTID": 2231, "SEGMENT_ID": 80456, "STREET_NAME": "BARRIE PL", "FROM_LEFT": 0.0, "TO_LEFT": 0.0, "FROM_RIGHT": 0.0, "TO_RIGHT": 0.0, "LEFT_PARITY": "Z", "RIGHT_PARITY": "Z", "FROM_STREET": "CUL-DE-SAC", "TO_STREET": "BARRIE PL", "STATUS_PHYSICAL": "BUILT", "STREET_TYPE": "ROAD", "MAIN_ROAD": "N", "CARTO_CLASS": "Local Street", "FLOW_DIRECTION": "TwoWay", "NUMBER_LANES": 2.0, "SPEED_ZONE": 50.0, "PLOW_PRIORITY": "3", "FIRE_ROUTE": null, "CUL_DE_SAC": "Y", "MEDIAN": null, "LEFT_MUNICIPALITY": "Waterloo", "RIGHT_MUNICIPALITY": "Waterloo", "OWNED_BY": "Waterloo", "MANAGED_BY": "Waterloo", "AADT": null, "AADT_DATE": null, "AADT_SOURCE": null, "LENGTH_M": 59.901956953382268 }, "geometry": { "type": "LineString", "coordinates": [ [ -80.53144945, 43.485495611 ], [ -80.531473321, 43.485436199 ], [ -80.531476397999896, 43.485425185000103 ], [ -80.531477305, 43.485410548000097 ], [ -80.531474903999893, 43.485396565 ], [ -80.5314693, 43.485383077000101 ], [ -80.531460653, 43.485370471000103 ], [ -80.531449209, 43.485359106 ], [ -80.531435301, 43.485349310000103 ], [ -80.531419321, 43.485341361000103 ], [ -80.531401727999906, 43.4853354890001 ], [ -80.531383027999894, 43.48533186 ], [ -80.531363755, 43.485330579 ], [ -80.531344511, 43.485331680000101 ], [ -80.531325491, 43.485335196000101 ], [ -80.531307625999901, 43.485341005000102 ], [ -80.531291382999896, 43.485348945000098 ], [ -80.531277235999895, 43.485358787000102 ], [ -80.5312656, 43.485370238 ], [ -80.531256817, 43.485382968000103 ], [ -80.531251142, 43.485396601 ], [ -80.531248741, 43.485410740000098 ], [ -80.531249686, 43.4854249690001 ], [ -80.531253947, 43.485438873000099 ], [ -80.531261403, 43.485452043000102 ], [ -80.531271832, 43.485464097 ], [ -80.531284929, 43.485474679 ], [ -80.5313003159999, 43.485483481000102 ], [ -80.531317534, 43.485490244000097 ], [ -80.531336085, 43.485494771 ], [ -80.531355424, 43.485496929000099 ], [ -80.53144945, 43.485495611 ] ] } },
{ "type": "Feature", "properties": { "OBJECTID": 2300, "SEGMENT_ID": 7954, "STREET_NAME": "WEBER ST N", "FROM_LEFT": 0.0, "TO_LEFT": 0.0, "FROM_RIGHT": 490.0, "TO_RIGHT": 496.0, "LEFT_PARITY": "O", "RIGHT_PARITY": "E", "FROM_STREET": "SCHAEFER ST", "TO_STREET": "BELCAN PL", "STATUS_PHYSICAL": "BUILT", "STREET_TYPE": "REG RD", "MAIN_ROAD": "Y", "CARTO_CLASS": "Regional Arterial", "FLOW_DIRECTION": "TwoWay", "NUMBER_LANES": 4.0, "SPEED_ZONE": 60.0, "PLOW_PRIORITY": "1", "FIRE_ROUTE": "Primary", "CUL_DE_SAC": "N", "MEDIAN": null, "LEFT_MUNICIPALITY": "Waterloo", "RIGHT_MUNICIPALITY": "Waterloo", "OWNED_BY": "Region of Waterloo", "MANAGED_BY": "Region of Waterloo", "AADT": null, "AADT_DATE": null, "AADT_SOURCE": null, "LENGTH_M": 176.00610411868161 }, "geometry": { "type": "LineString", "coordinates": [ [ -80.53499536, 43.490518280000103 ], [ -80.535847086, 43.491169536 ], [ -80.535952295999905, 43.491247038 ], [ -80.536062536, 43.491322329000099 ], [ -80.536176605, 43.49139453 ], [ -80.536294343999899, 43.491463543000101 ], [ -80.536415578999893, 43.491529265000104 ], [ -80.536540141, 43.491591605000103 ], [ -80.536570693, 43.491605687000103 ] ] } },
{ "type": "Feature", "properties": { "OBJECTID": 2310, "SEGMENT_ID": 80352, "STREET_NAME": "WES GRAHAM WAY", "FROM_LEFT": 0.0, "TO_LEFT": 0.0, "FROM_RIGHT": 0.0, "TO_RIGHT": 0.0, "LEFT_PARITY": "Z", "RIGHT_PARITY": "Z", "FROM_STREET": "WES GRAHAM WAY", "TO_STREET": "CUL-DE-SAC", "STATUS_PHYSICAL": "BUILT", "STREET_TYPE": "ROAD", "MAIN_ROAD": "N", "CARTO_CLASS": "Private", "FLOW_DIRECTION": "TwoWay", "NUMBER_LANES": 2.0, "SPEED_ZONE": 50.0, "PLOW_PRIORITY": "Other", "FIRE_ROUTE": null, "CUL_DE_SAC": "Y", "MEDIAN": null, "LEFT_MUNICIPALITY": "Waterloo", "RIGHT_MUNICIPALITY": "Waterloo", "OWNED_BY": "UW", "MANAGED_BY": "UW", "AADT": null, "AADT_DATE": null, "AADT_SOURCE": null, "LENGTH_M": 51.948121006606073 }, "geometry": { "type": "LineString", "coordinates": [ [ -80.554236182999901, 43.478439146 ], [ -80.554315001, 43.478466063 ], [ -80.554331372, 43.478469308000101 ], [ -80.554348267, 43.4784704570001 ], [ -80.554365181, 43.478469475000097 ], [ -80.554381610999897, 43.478466390000101 ], [ -80.554397069999894, 43.478461297000102 ], [ -80.554411095, 43.478454343000102 ], [ -80.554423272, 43.478445738000097 ], [ -80.554433237, 43.478435737 ], [ -80.554440692, 43.4784246400001 ], [ -80.554445419, 43.478412773000102 ], [ -80.554447275, 43.478400491000102 ], [ -80.554446206, 43.478388159000097 ], [ -80.554442241999894, 43.478376147000098 ], [ -80.554435500999901, 43.478364807 ], [ -80.554426185999901, 43.478354478 ], [ -80.55441308, 43.478344315000101 ], [ -80.554406857999894, 43.4783406560001 ], [ -80.55440025, 43.478337528000097 ], [ -80.554382131, 43.478331367000102 ], [ -80.554365155, 43.478328104000099 ], [ -80.554347655, 43.478327091 ], [ -80.554330185, 43.47832836 ], [ -80.554313304999894, 43.478331871000101 ], [ -80.554297550999905, 43.478337512000103 ], [ -80.554283423999905, 43.478345103 ], [ -80.554271376, 43.478354402 ], [ -80.554261792, 43.478365113000102 ], [ -80.554250672, 43.478384332000097 ], [ -80.554236182999901, 43.478439146 ] ] } },
{ "type": "Feature", "properties": { "OBJECTID": 2371, "SEGMENT_ID": 7198, "STREET_NAME": "KING ST N", "FROM_LEFT": 363.0, "TO_LEFT": 415.0, "FROM_RIGHT": 366.0, "TO_RIGHT": 410.0, "LEFT_PARITY": "O", "RIGHT_PARITY": "E", "FROM_STREET": "COLUMBIA ST E", "TO_STREET": "WEBER ST N", "STATUS_PHYSICAL": "BUILT", "STREET_TYPE": "REG RD", "MAIN_ROAD": "Y", "CARTO_CLASS": "Regional Arterial", "FLOW_DIRECTION": "TwoWay", "NUMBER_LANES": 4.0, "SPEED_ZONE": 50.0, "PLOW_PRIORITY": "1", "FIRE_ROUTE": "Primary", "CUL_DE_SAC": "N", "MEDIAN": null, "LEFT_MUNICIPALITY": "Waterloo", "RIGHT_MUNICIPALITY": "Waterloo", "OWNED_BY": "Region of Waterloo", "MANAGED_BY": "Region of Waterloo", "AADT": null, "AADT_DATE": null, "AADT_SOURCE": null, "LENGTH_M": 367.42171954842905 }, "geometry": { "type": "LineString", "coordinates": [ [ -80.526138231999894, 43.481916340000097 ], [ -80.526314715, 43.482712791 ], [ -80.526360595, 43.482923858 ], [ -80.526393122999906, 43.483073276 ], [ -80.526578834, 43.483926440000097 ], [ -80.526629866999897, 43.4841614810001 ], [ -80.526748252999894, 43.48470338 ], [ -80.526793515999898, 43.484910543000098 ], [ -80.526853143, 43.485183452000101 ] ] } },
{ "type": "Feature", "properties": { "OBJECTID": 2386, "SEGMENT_ID": 777, "STREET_NAME": "GLEN FORREST BLVD", "FROM_LEFT": 505.0, "TO_LEFT": 515.0, "FROM_RIGHT": 500.0, "TO_RIGHT": 500.0, "LEFT_PARITY": "O", "RIGHT_PARITY": "E", "FROM_STREET": "BEARINGER RD", "TO_STREET": "THORNCREST DR", "STATUS_PHYSICAL": "BUILT", "STREET_TYPE": "ROAD", "MAIN_ROAD": "N", "CARTO_CLASS": "Minor Collector", "FLOW_DIRECTION": "TwoWay", "NUMBER_LANES": 2.0, "SPEED_ZONE": 40.0, "PLOW_PRIORITY": "2", "FIRE_ROUTE": "Primary", "CUL_DE_SAC": "N", "MEDIAN": "Yes", "LEFT_MUNICIPALITY": "Waterloo", "RIGHT_MUNICIPALITY": "Waterloo", "OWNED_BY": "Waterloo", "MANAGED_BY": "Waterloo", "AADT": null, "AADT_DATE": null, "AADT_SOURCE": null, "LENGTH_M": 112.00571159650264 }, "geometry": { "type": "LineString", "coordinates": [ [ -80.550701715999907, 43.484256617 ], [ -80.550771807, 43.484317145 ], [ -80.550779421865201, 43.484324680082601 ] ] } },
{ "type": "Feature", "properties": { "OBJECTID": 2405, "SEGMENT_ID": 1760, "STREET_NAME": "FISCHER-HALLMAN RD N", "FROM_LEFT": 0.0, "TO_LEFT": 0.0, "FROM_RIGHT": 0.0, "TO_RIGHT": 0.0, "LEFT_PARITY": "Z", "RIGHT_PARITY": "Z", "FROM_STREET": "BEECHLAWN DR", "TO_STREET": "COLUMBIA ST W", "STATUS_PHYSICAL": "BUILT", "STREET_TYPE": "REG RD", "MAIN_ROAD": "Y", "CARTO_CLASS": "Regional Arterial", "FLOW_DIRECTION": "TwoWay", "NUMBER_LANES": 4.0, "SPEED_ZONE": 40.0, "PLOW_PRIORITY": "1", "FIRE_ROUTE": "Primary", "CUL_DE_SAC": "N", "MEDIAN": null, "LEFT_MUNICIPALITY": "Waterloo", "RIGHT_MUNICIPALITY": "Waterloo", "OWNED_BY": "Region of Waterloo", "MANAGED_BY": "Region of Waterloo", "AADT": null, "AADT_DATE": null, "AADT_SOURCE": null, "LENGTH_M": 316.53874532963448 }, "geometry": { "type": "LineString", "coordinates": [ [ -80.566058332991275, 43.467505108362381 ], [ -80.566190016999897, 43.4676462830001 ] ] } },
{ "type": "Feature", "properties": { "OBJECTID": 2438, "SEGMENT_ID": 80911, "STREET_NAME": "WESTMOUNT RD N", "FROM_LEFT": 0.0, "TO_LEFT": 0.0, "FROM_RIGHT": 440.0, "TO_RIGHT": 490.0, "LEFT_PARITY": "Z", "RIGHT_PARITY": "E", "FROM_STREET": "RESIDENCE RD", "TO_STREET": "BEARINGER RD", "STATUS_PHYSICAL": "BUILT", "STREET_TYPE": "REG RD", "MAIN_ROAD": "Y", "CARTO_CLASS": "Regional Arterial", "FLOW_DIRECTION": "TwoWay", "NUMBER_LANES": 4.0, "SPEED_ZONE": 60.0, "PLOW_PRIORITY": "1", "FIRE_ROUTE": "Primary", "CUL_DE_SAC": "N", "MEDIAN": "Yes", "LEFT_MUNICIPALITY": "Waterloo", "RIGHT_MUNICIPALITY": "Waterloo", "OWNED_BY": "Region of Waterloo", "MANAGED_BY": "Region of Waterloo", "AADT": null, "AADT_DATE": null, "AADT_SOURCE": null, "LENGTH_M": 518.44239270179241 }, "geometry": { "type": "LineString", "coordinates": [ [ -80.562435793, 43.476736459000101 ], [ -80.562293374, 43.477641222 ], [ -80.562293373, 43.477641230000103 ], [ -80.562182129999897, 43.478245991000101 ], [ -80.562165941, 43.478353084 ], [ -80.562156849, 43.478458762000102 ], [ -80.562154592999903, 43.478564636 ], [ -80.56215918, 43.478670470000097 ], [ -80.562170599, 43.478776028 ], [ -80.562188826, 43.478881078 ], [ -80.562213819, 43.478985389000101 ], [ -80.562245522999902, 43.479088726 ], [ -80.56228387, 43.479190864 ], [ -80.562328771, 43.479291575 ], [ -80.56238013, 43.479390636000097 ], [ -80.562438844, 43.479489531000098 ], [ -80.562739176, 43.4799644080001 ], [ -80.563242134999896, 43.480759129 ], [ -80.563515106999901, 43.481190635000097 ] ] } },
{ "type": "Feature", "properties": { "OBJECTID": 2439, "SEGMENT_ID": 29793, "STREET_NAME": "WESTMOUNT RD N", "FROM_LEFT": 0.0, "TO_LEFT": 0.0, "FROM_RIGHT": 0.0, "TO_RIGHT": 0.0, "LEFT_PARITY": "Z", "RIGHT_PARITY": "Z", "FROM_STREET": "RESIDENCE RD", "TO_STREET": "RESIDENCE RD", "STATUS_PHYSICAL": "BUILT", "STREET_TYPE": "REG RD", "MAIN_ROAD": "Y", "CARTO_CLASS": "Regional Arterial", "FLOW_DIRECTION": "TwoWay", "NUMBER_LANES": 4.0, "SPEED_ZONE": 60.0, "PLOW_PRIORITY": "1", "FIRE_ROUTE": "Primary", "CUL_DE_SAC": "N", "MEDIAN": "Yes", "LEFT_MUNICIPALITY": "Waterloo", "RIGHT_MUNICIPALITY": "Waterloo", "OWNED_BY": "Region of Waterloo", "MANAGED_BY": "Region of Waterloo", "AADT": null, "AADT_DATE": null, "AADT_SOURCE": null, "LENGTH_M": 117.03381406183293 }, "geometry": { "type": "LineString", "coordinates": [ [ -80.561980596, 43.473182443 ], [ -80.562028306999906, 43.473232663 ], [ -80.562125014999907, 43.473344158 ], [ -80.562215229999893, 43.473458501 ], [ -80.562298794999904, 43.473575494 ], [ -80.562375564, 43.473694931000097 ], [ -80.562445404, 43.473816604 ], [ -80.56250819, 43.473940299 ], [ -80.562563616, 43.474065357 ], [ -80.562589854999899, 43.474132765 ] ] } },
{ "type": "Feature", "properties": { "OBJECTID": 2484, "SEGMENT_ID": 731, "STREET_NAME": "WEBER ST N", "FROM_LEFT": 0.0, "TO_LEFT": 0.0, "FROM_RIGHT": 410.0, "TO_RIGHT": 440.0, "LEFT_PARITY": "O", "RIGHT_PARITY": "E", "FROM_STREET": "HIGH ST", "TO_STREET": "MILFORD AVE", "STATUS_PHYSICAL": "BUILT", "STREET_TYPE": "REG RD", "MAIN_ROAD": "Y", "CARTO_CLASS": "Regional Arterial", "FLOW_DIRECTION": "TwoWay", "NUMBER_LANES": 4.0, "SPEED_ZONE": 60.0, "PLOW_PRIORITY": "1", "FIRE_ROUTE": "Primary", "CUL_DE_SAC": "N", "MEDIAN": null, "LEFT_MUNICIPALITY": "Waterloo", "RIGHT_MUNICIPALITY": "Waterloo", "OWNED_BY": "Region of Waterloo", "MANAGED_BY": "Region of Waterloo", "AADT": null, "AADT_DATE": null, "AADT_SOURCE": null, "LENGTH_M": 294.29800485460549 }, "geometry": { "type": "LineString", "coordinates": [ [ -80.528356445, 43.485082367000103 ], [ -80.528456099, 43.485090463000098 ], [ -80.528543187, 43.485099592 ], [ -80.528629542, 43.485110533000103 ], [ -80.528757055, 43.485130174000098 ], [ -80.528882766, 43.485153701000101 ], [ -80.52900813, 43.485181411 ], [ -80.529039449, 43.485189022 ], [ -80.529150661999907, 43.48521835 ], [ -80.529259247, 43.4852505200001 ], [ -80.529366030999896, 43.485285743000098 ], [ -80.529471933, 43.485324363000103 ], [ -80.5294908179999, 43.485331655 ], [ -80.529577168999893, 43.485366651 ], [ -80.529661104, 43.485403317000099 ], [ -80.529742873, 43.48544172 ], [ -80.52985311, 43.485498162000098 ], [ -80.5299594909999, 43.485557968000101 ], [ -80.530062100999899, 43.485621173 ], [ -80.530160733999907, 43.48568765 ], [ -80.530255193999906, 43.4857572660001 ], [ -80.530345290999904, 43.4858298830001 ], [ -80.530430848, 43.485905356 ], [ -80.530511694, 43.485983534000098 ], [ -80.530587666, 43.486064261000102 ], [ -80.530659531, 43.48614845 ], [ -80.531069999, 43.486654024000103 ] ] } },
{ "type": "Feature", "properties": { "OBJECTID": 2523, "SEGMENT_ID": 7610, "STREET_NAME": "KING ST N", "FROM_LEFT": 303.0, "TO_LEFT": 359.0, "FROM_RIGHT": 300.0, "TO_RIGHT": 362.0, "LEFT_PARITY": "O", "RIGHT_PARITY": "E", "FROM_STREET": "HICKORY ST W", "TO_STREET": "COLUMBIA ST E", "STATUS_PHYSICAL": "BUILT", "STREET_TYPE": "REG RD", "MAIN_ROAD": "Y", "CARTO_CLASS": "Regional Arterial", "FLOW_DIRECTION": "TwoWay", "NUMBER_LANES": 4.0, "SPEED_ZONE": 50.0, "PLOW_PRIORITY": "1", "FIRE_ROUTE": "Primary", "CUL_DE_SAC": "N", "MEDIAN": null, "LEFT_MUNICIPALITY": "Waterloo", "RIGHT_MUNICIPALITY": "Waterloo", "OWNED_BY": "Region of Waterloo", "MANAGED_BY": "Region of Waterloo", "AADT": null, "AADT_DATE": null, "AADT_SOURCE": null, "LENGTH_M": 428.59497636542199 }, "geometry": { "type": "LineString", "coordinates": [ [ -80.52612806594702, 43.481870460394269 ], [ -80.526138231999894, 43.481916340000097 ] ] } },
{ "type": "Feature", "properties": { "OBJECTID": 2528, "SEGMENT_ID": 29532, "STREET_NAME": "WESTMOUNT RD N", "FROM_LEFT": 595.0, "TO_LEFT": 595.0, "FROM_RIGHT": 560.0, "TO_RIGHT": 560.0, "LEFT_PARITY": "O", "RIGHT_PARITY": "E", "FROM_STREET": "BEARINGER RD", "TO_STREET": "NORTHFIELD DR W", "STATUS_PHYSICAL": "BUILT", "STREET_TYPE": "REG RD", "MAIN_ROAD": "Y", "CARTO_CLASS": "Regional Arterial", "FLOW_DIRECTION": "TwoWay", "NUMBER_LANES": 4.0, "SPEED_ZONE": 60.0, "PLOW_PRIORITY": "1", "FIRE_ROUTE": "Primary", "CUL_DE_SAC": "N", "MEDIAN": "Yes", "LEFT_MUNICIPALITY": "Waterloo", "RIGHT_MUNICIPALITY": "Waterloo", "OWNED_BY": "Region of Waterloo", "MANAGED_BY": "Region of Waterloo", "AADT": null, "AADT_DATE": null, "AADT_SOURCE": null, "LENGTH_M": 840.52990469306314 }, "geometry": { "type": "LineString", "coordinates": [ [ -80.565283624, 43.483477584000099 ], [ -80.565392473612349, 43.483600537112139 ] ] } },
{ "type": "Feature", "properties": { "OBJECTID": 2558, "SEGMENT_ID": 7190, "STREET_NAME": "WESTMOUNT RD N", "FROM_LEFT": 0.0, "TO_LEFT": 0.0, "FROM_RIGHT": 0.0, "TO_RIGHT": 0.0, "LEFT_PARITY": "Z", "RIGHT_PARITY": "Z", "FROM_STREET": "OLD POST RD", "TO_STREET": "COLUMBIA ST W", "STATUS_PHYSICAL": "BUILT", "STREET_TYPE": "REG RD", "MAIN_ROAD": "Y", "CARTO_CLASS": "Regional Arterial", "FLOW_DIRECTION": "TwoWay", "NUMBER_LANES": 4.0, "SPEED_ZONE": 60.0, "PLOW_PRIORITY": "1", "FIRE_ROUTE": "Primary", "CUL_DE_SAC": "N", "MEDIAN": "Yes", "LEFT_MUNICIPALITY": "Waterloo", "RIGHT_MUNICIPALITY": "Waterloo", "OWNED_BY": "Region of Waterloo", "MANAGED_BY": "Region of Waterloo", "AADT": null, "AADT_DATE": null, "AADT_SOURCE": null, "LENGTH_M": 560.77874109005029 }, "geometry": { "type": "LineString", "coordinates": [ [ -80.557924320088247, 43.470393498342354 ], [ -80.557987107, 43.470434582000102 ], [ -80.558109141, 43.47051543 ] ] } },
{ "type": "Feature", "properties": { "OBJECTID": 2564, "SEGMENT_ID": 1839, "STREET_NAME": "WEBER ST N", "FROM_LEFT": 405.0, "TO_LEFT": 405.0, "FROM_RIGHT": 0.0, "TO_RIGHT": 0.0, "LEFT_PARITY": "O", "RIGHT_PARITY": "E", "FROM_STREET": "FORWELL CREEK RD", "TO_STREET": "KING ST N", "STATUS_PHYSICAL": "BUILT", "STREET_TYPE": "REG RD", "MAIN_ROAD": "Y", "CARTO_CLASS": "Regional Arterial", "FLOW_DIRECTION": "TwoWay", "NUMBER_LANES": 5.0, "SPEED_ZONE": 60.0, "PLOW_PRIORITY": "1", "FIRE_ROUTE": "Primary", "CUL_DE_SAC": "N", "MEDIAN": "Yes", "LEFT_MUNICIPALITY": "Waterloo", "RIGHT_MUNICIPALITY": "Waterloo", "OWNED_BY": "Region of Waterloo", "MANAGED_BY": "Region of Waterloo", "AADT": null, "AADT_DATE": null, "AADT_SOURCE": null, "LENGTH_M": 156.33138610974356 }, "geometry": { "type": "LineString", "coordinates": [ [ -80.525293308999906, 43.48465867 ], [ -80.525494732, 43.484917985 ], [ -80.525535262999895, 43.4849648100001 ], [ -80.525587198, 43.48501372 ], [ -80.525645324, 43.485058788000103 ], [ -80.525709102999897, 43.485099600000098 ], [ -80.525775773, 43.485134637 ], [ -80.525809132999896, 43.485149807 ], [ -80.525884406, 43.485178996000101 ], [ -80.525965909, 43.485203384 ], [ -80.526050335, 43.485221761 ], [ -80.526136846, 43.485233945000097 ], [ -80.526224591999906, 43.485239815000099 ], [ -80.526312707, 43.485239316 ], [ -80.526395838, 43.485232799000102 ], [ -80.526853143, 43.485183452000101 ] ] } },
{ "type": "Feature", "properties": { "OBJECTID": 2565, "SEGMENT_ID": 80915, "STREET_NAME": "WESTMOUNT RD N", "FROM_LEFT": 0.0, "TO_LEFT": 0.0, "FROM_RIGHT": 0.0, "TO_RIGHT": 0.0, "LEFT_PARITY": "Z", "RIGHT_PARITY": "Z", "FROM_STREET": "RESIDENCE RD", "TO_STREET": "BEARINGER RD", "STATUS_PHYSICAL": "BUILT", "STREET_TYPE": "REG RD", "MAIN_ROAD": "Y", "CARTO_CLASS": "Regional Arterial", "FLOW_DIRECTION": "TwoWay", "NUMBER_LANES": 4.0, "SPEED_ZONE": 60.0, "PLOW_PRIORITY": "1", "FIRE_ROUTE": "Primary", "CUL_DE_SAC": "N", "MEDIAN": "Yes", "LEFT_MUNICIPALITY": "Waterloo", "RIGHT_MUNICIPALITY": "Waterloo", "OWNED_BY": "Region of Waterloo", "MANAGED_BY": "Region of Waterloo", "AADT": null, "AADT_DATE": null, "AADT_SOURCE": null, "LENGTH_M": 246.67270312555266 }, "geometry": { "type": "LineString", "coordinates": [ [ -80.562589854999899, 43.474132765 ], [ -80.5625992719999, 43.474156957 ], [ -80.562630728, 43.474248132000099 ], [ -80.56264228, 43.474284819 ], [ -80.562670623, 43.474384908 ], [ -80.562699101, 43.474507754000101 ], [ -80.562720920999894, 43.474631601000098 ], [ -80.562735984, 43.474755980000097 ], [ -80.562744268999893, 43.474880697000103 ], [ -80.562745757999906, 43.475005595 ], [ -80.562740225, 43.475133640000102 ], [ -80.562727542999895, 43.475261458 ], [ -80.562707979, 43.475387201 ], [ -80.562632149, 43.475914429000099 ], [ -80.562610279999902, 43.476225011000103 ], [ -80.562582340999896, 43.4763373010001 ] ] } },
{ "type": "Feature", "properties": { "OBJECTID": 2568, "SEGMENT_ID": 8981, "STREET_NAME": "KING ST N", "FROM_LEFT": 417.0, "TO_LEFT": 425.0, "FROM_RIGHT": 428.0, "TO_RIGHT": 432.0, "LEFT_PARITY": "O", "RIGHT_PARITY": "E", "FROM_STREET": "WEBER ST N", "TO_STREET": "BLUE SPRINGS DR", "STATUS_PHYSICAL": "BUILT", "STREET_TYPE": "REG RD", "MAIN_ROAD": "Y", "CARTO_CLASS": "Regional Arterial", "FLOW_DIRECTION": "TwoWay", "NUMBER_LANES": 4.0, "SPEED_ZONE": 60.0, "PLOW_PRIORITY": "1", "FIRE_ROUTE": "Primary", "CUL_DE_SAC": "N", "MEDIAN": null, "LEFT_MUNICIPALITY": "Waterloo", "RIGHT_MUNICIPALITY": "Waterloo", "OWNED_BY": "Region of Waterloo", "MANAGED_BY": "Region of Waterloo", "AADT": null, "AADT_DATE": null, "AADT_SOURCE": null, "LENGTH_M": 219.65966671507678 }, "geometry": { "type": "LineString", "coordinates": [ [ -80.526853143, 43.485183452000101 ], [ -80.526880890278335, 43.485310930528179 ] ] } },
{ "type": "Feature", "properties": { "OBJECTID": 2571, "SEGMENT_ID": 80908, "STREET_NAME": "WESTMOUNT RD N", "FROM_LEFT": 0.0, "TO_LEFT": 0.0, "FROM_RIGHT": 0.0, "TO_RIGHT": 0.0, "LEFT_PARITY": "Z", "RIGHT_PARITY": "Z", "FROM_STREET": "WESTMOUNT RD N", "TO_STREET": "LAURELWOOD DR", "STATUS_PHYSICAL": "BUILT", "STREET_TYPE": "Roundabout", "MAIN_ROAD": "Y", "CARTO_CLASS": "Roundabout", "FLOW_DIRECTION": "FromTo", "NUMBER_LANES": 2.0, "SPEED_ZONE": 60.0, "PLOW_PRIORITY": "1", "FIRE_ROUTE": "Primary", "CUL_DE_SAC": "N", "MEDIAN": null, "LEFT_MUNICIPALITY": "Waterloo", "RIGHT_MUNICIPALITY": "Waterloo", "OWNED_BY": "Region of Waterloo", "MANAGED_BY": "Region of Waterloo", "AADT": null, "AADT_DATE": null, "AADT_SOURCE": null, "LENGTH_M": 37.663535935717746 }, "geometry": { "type": "LineString", "coordinates": [ [ -80.562435793, 43.476736459000101 ], [ -80.562464052353803, 43.476741667881399 ], [ -80.562492888836999, 43.476744741315898 ], [ -80.562521998720399, 43.476745646931803 ], [ -80.562551075395305, 43.4767443751903 ], [ -80.562579812602706, 43.476740939486398 ], [ -80.562607907659, 43.476735376007703 ], [ -80.562635064644596, 43.476727743353401 ], [ -80.562660997519998, 43.476718121916598 ], [ -80.562685433139293, 43.476706613038097 ], [ -80.562708114126906, 43.476693337938698 ], [ -80.562728801588307, 43.476678436442498 ], [ -80.5627472776264, 43.476662065504101 ], [ -80.562763347636704, 43.476644397555297 ], [ -80.562776842356897, 43.476625618689297 ], [ -80.562787619649697, 43.476605926700202 ], [ -80.562795566, 43.476585529 ] ] } },
{ "type": "Feature", "properties": { "OBJECTID": 2603, "SEGMENT_ID": 7320, "STREET_NAME": "FISCHER-HALLMAN RD N", "FROM_LEFT": 0.0, "TO_LEFT": 0.0, "FROM_RIGHT": 416.0, "TO_RIGHT": 420.0, "LEFT_PARITY": "O", "RIGHT_PARITY": "E", "FROM_STREET": "COLUMBIA ST W", "TO_STREET": "GATESTONE BLVD", "STATUS_PHYSICAL": "BUILT", "STREET_TYPE": "REG RD", "MAIN_ROAD": "Y", "CARTO_CLASS": "Regional Arterial", "FLOW_DIRECTION": "TwoWay", "NUMBER_LANES": 2.0, "SPEED_ZONE": 40.0, "PLOW_PRIORITY": "1", "FIRE_ROUTE": "Primary", "CUL_DE_SAC": "N", "MEDIAN": null, "LEFT_MUNICIPALITY": "Waterloo", "RIGHT_MUNICIPALITY": "Waterloo", "OWNED_BY": "Region of Waterloo", "MANAGED_BY": "Region of Waterloo", "AADT": null, "AADT_DATE": null, "AADT_SOURCE": null, "LENGTH_M": 350.84835095515808 }, "geometry": { "type": "LineString", "coordinates": [ [ -80.566190016999897, 43.4676462830001 ], [ -80.567113688999896, 43.468638555 ], [ -80.567770150999905, 43.469416323000097 ], [ -80.56813952, 43.469839605000097 ], [ -80.568434328, 43.470169459 ], [ -80.568551156, 43.470295654 ] ] } },
{ "type": "Feature", "properties": { "OBJECTID": 2604, "SEGMENT_ID": 8106, "STREET_NAME": "WEBER ST N", "FROM_LEFT": 0.0, "TO_LEFT": 0.0, "FROM_RIGHT": 500.0, "TO_RIGHT": 500.0, "LEFT_PARITY": "O", "RIGHT_PARITY": "E", "FROM_STREET": "BELCAN PL", "TO_STREET": "ALBERT ST", "STATUS_PHYSICAL": "BUILT", "STREET_TYPE": "REG RD", "MAIN_ROAD": "Y", "CARTO_CLASS": "Regional Arterial", "FLOW_DIRECTION": "TwoWay", "NUMBER_LANES": 4.0, "SPEED_ZONE": 60.0, "PLOW_PRIORITY": "1", "FIRE_ROUTE": "Primary", "CUL_DE_SAC": "N", "MEDIAN": null, "LEFT_MUNICIPALITY": "Waterloo", "RIGHT_MUNICIPALITY": "Waterloo", "OWNED_BY": "Region of Waterloo", "MANAGED_BY": "Region of Waterloo", "AADT": null, "AADT_DATE": null, "AADT_SOURCE": null, "LENGTH_M": 67.063629274304347 }, "geometry": { "type": "LineString", "coordinates": [ [ -80.536570693, 43.491605687000103 ], [ -80.53666777, 43.4916504340001 ], [ -80.536787574999906, 43.491701288000101 ], [ -80.536909593, 43.491749037 ], [ -80.537033809, 43.491793681 ], [ -80.537160134, 43.491835188 ], [ -80.537305515999904, 43.491878505 ], [ -80.537308429999896, 43.491879277000102 ] ] } },
{ "type": "Feature", "properties": { "OBJECTID": 2605, "SEGMENT_ID": 7225, "STREET_NAME": "WEBER ST N", "FROM_LEFT": 267.0, "TO_LEFT": 355.0, "FROM_RIGHT": 270.0, "TO_RIGHT": 360.0, "LEFT_PARITY": "O", "RIGHT_PARITY": "E", "FROM_STREET": "HICKORY ST E", "TO_STREET": "COLUMBIA ST W", "STATUS_PHYSICAL": "BUILT", "STREET_TYPE": "REG RD", "MAIN_ROAD": "Y", "CARTO_CLASS": "Regional Arterial", "FLOW_DIRECTION": "TwoWay", "NUMBER_LANES": 4.0, "SPEED_ZONE": 60.0, "PLOW_PRIORITY": "1", "FIRE_ROUTE": "Primary", "CUL_DE_SAC": "N", "MEDIAN": null, "LEFT_MUNICIPALITY": "Waterloo", "RIGHT_MUNICIPALITY": "Waterloo", "OWNED_BY": "Region of Waterloo", "MANAGED_BY": "Region of Waterloo", "AADT": null, "AADT_DATE": null, "AADT_SOURCE": null, "LENGTH_M": 472.87554983865346 }, "geometry": { "type": "LineString", "coordinates": [ [ -80.523810733723735, 43.482769488033021 ], [ -80.523859493, 43.482833484 ] ] } },
{ "type": "Feature", "properties": { "OBJECTID": 2619, "SEGMENT_ID": 7149, "STREET_NAME": "WEBER ST N", "FROM_LEFT": 0.0, "TO_LEFT": 0.0, "FROM_RIGHT": 450.0, "TO_RIGHT": 450.0, "LEFT_PARITY": "O", "RIGHT_PARITY": "E", "FROM_STREET": "MILFORD AVE", "TO_STREET": "BLYTHWOOD RD", "STATUS_PHYSICAL": "BUILT", "STREET_TYPE": "REG RD", "MAIN_ROAD": "Y", "CARTO_CLASS": "Regional Arterial", "FLOW_DIRECTION": "TwoWay", "NUMBER_LANES": 4.0, "SPEED_ZONE": 60.0, "PLOW_PRIORITY": "1", "FIRE_ROUTE": "Primary", "CUL_DE_SAC": "N", "MEDIAN": null, "LEFT_MUNICIPALITY": "Waterloo", "RIGHT_MUNICIPALITY": "Waterloo", "OWNED_BY": "Region of Waterloo", "MANAGED_BY": "Region of Waterloo", "AADT": null, "AADT_DATE": null, "AADT_SOURCE": null, "LENGTH_M": 167.58165940806734 }, "geometry": { "type": "LineString", "coordinates": [ [ -80.531069999, 43.486654024000103 ], [ -80.531128396, 43.4867259500001 ], [ -80.532067995, 43.487883200000098 ], [ -80.532124634, 43.487952961000097 ] ] } },
{ "type": "Feature", "properties": { "OBJECTID": 2643, "SEGMENT_ID": 29792, "STREET_NAME": "WESTMOUNT RD N", "FROM_LEFT": 0.0, "TO_LEFT": 0.0, "FROM_RIGHT": 0.0, "TO_RIGHT": 0.0, "LEFT_PARITY": "Z", "RIGHT_PARITY": "Z", "FROM_STREET": "COLUMBIA ST W", "TO_STREET": "RESIDENCE RD", "STATUS_PHYSICAL": "BUILT", "STREET_TYPE": "REG RD", "MAIN_ROAD": "Y", "CARTO_CLASS": "Regional Arterial", "FLOW_DIRECTION": "TwoWay", "NUMBER_LANES": 4.0, "SPEED_ZONE": 60.0, "PLOW_PRIORITY": "1", "FIRE_ROUTE": "Primary", "CUL_DE_SAC": "N", "MEDIAN": "Yes", "LEFT_MUNICIPALITY": "Waterloo", "RIGHT_MUNICIPALITY": "Waterloo", "OWNED_BY": "Region of Waterloo", "MANAGED_BY": "Region of Waterloo", "AADT": null, "AADT_DATE": null, "AADT_SOURCE": null, "LENGTH_M": 431.65805740903124 }, "geometry": { "type": "LineString", "coordinates": [ [ -80.558109141, 43.47051543 ], [ -80.558237019, 43.470600149000099 ], [ -80.558607868, 43.470845854000103 ], [ -80.561323645999906, 43.472635233000098 ], [ -80.561453711999903, 43.472724586 ], [ -80.561580119, 43.472819012000102 ], [ -80.561700988, 43.472917209000101 ], [ -80.561816108, 43.4730190020001 ], [ -80.561925279, 43.473124216 ], [ -80.561980595676971, 43.473182442659976 ], [ -80.561980596, 43.473182443 ] ] } },
{ "type": "Feature", "properties": { "OBJECTID": 2710, "SEGMENT_ID": 4731, "STREET_NAME": "BEECHLAWN DR", "FROM_LEFT": 345.0, "TO_LEFT": 349.0, "FROM_RIGHT": 0.0, "TO_RIGHT": 0.0, "LEFT_PARITY": "O", "RIGHT_PARITY": "E", "FROM_STREET": "BRIDLE PATH CRT", "TO_STREET": "COLUMBIA ST W", "STATUS_PHYSICAL": "BUILT", "STREET_TYPE": "ROAD", "MAIN_ROAD": "N", "CARTO_CLASS": "Local Street", "FLOW_DIRECTION": "TwoWay", "NUMBER_LANES": 2.0, "SPEED_ZONE": 40.0, "PLOW_PRIORITY": "3", "FIRE_ROUTE": "Secondary", "CUL_DE_SAC": "N", "MEDIAN": null, "LEFT_MUNICIPALITY": "Waterloo", "RIGHT_MUNICIPALITY": "Waterloo", "OWNED_BY": "Waterloo", "MANAGED_BY": "Waterloo", "AADT": null, "AADT_DATE": null, "AADT_SOURCE": null, "LENGTH_M": 69.009674622631366 }, "geometry": { "type": "LineString", "coordinates": [ [ -80.561083162550815, 43.469286210471587 ], [ -80.561086465999907, 43.469291101000103 ], [ -80.561169977, 43.469414734000097 ] ] } },
{ "type": "Feature", "properties": { "OBJECTID": 2736, "SEGMENT_ID": 7843, "STREET_NAME": "WEBER ST N", "FROM_LEFT": 0.0, "TO_LEFT": 0.0, "FROM_RIGHT": 0.0, "TO_RIGHT": 0.0, "LEFT_PARITY": "Z", "RIGHT_PARITY": "Z", "FROM_STREET": "KING ST N", "TO_STREET": "HIGH ST", "STATUS_PHYSICAL": "BUILT", "STREET_TYPE": "REG RD", "MAIN_ROAD": "Y", "CARTO_CLASS": "Regional Arterial", "FLOW_DIRECTION": "TwoWay", "NUMBER_LANES": 4.0, "SPEED_ZONE": 60.0, "PLOW_PRIORITY": "1", "FIRE_ROUTE": "Primary", "CUL_DE_SAC": "N", "MEDIAN": null, "LEFT_MUNICIPALITY": "Waterloo", "RIGHT_MUNICIPALITY": "Waterloo", "OWNED_BY": "Region of Waterloo", "MANAGED_BY": "Region of Waterloo", "AADT": null, "AADT_DATE": null, "AADT_SOURCE": null, "LENGTH_M": 122.4789330073626 }, "geometry": { "type": "LineString", "coordinates": [ [ -80.526853143, 43.485183452000101 ], [ -80.527092529999905, 43.485157621 ], [ -80.527593265, 43.485099624 ], [ -80.527713104, 43.485087500000098 ], [ -80.527831971999902, 43.485078956000102 ], [ -80.527950886, 43.485073865000103 ], [ -80.528095666, 43.485072302 ], [ -80.528240527, 43.485075794000103 ], [ -80.528348103, 43.485081689 ], [ -80.528356445, 43.485082367000103 ] ] } },
{ "type": "Feature", "properties": { "OBJECTID": 2773, "SEGMENT_ID": 80914, "STREET_NAME": "WESTMOUNT RD N", "FROM_LEFT": 0.0, "TO_LEFT": 0.0, "FROM_RIGHT": 0.0, "TO_RIGHT": 0.0, "LEFT_PARITY": "Z", "RIGHT_PARITY": "Z", "FROM_STREET": "WESTMOUNT RD N", "TO_STREET": "WESTMOUNT RD N", "STATUS_PHYSICAL": "BUILT", "STREET_TYPE": "Roundabout", "MAIN_ROAD": "Y", "CARTO_CLASS": "Roundabout", "FLOW_DIRECTION": "FromTo", "NUMBER_LANES": 2.0, "SPEED_ZONE": 60.0, "PLOW_PRIORITY": "1", "FIRE_ROUTE": "Primary", "CUL_DE_SAC": "N", "MEDIAN": null, "LEFT_MUNICIPALITY": "Waterloo", "RIGHT_MUNICIPALITY": "Waterloo", "OWNED_BY": "Region of Waterloo", "MANAGED_BY": "Region of Waterloo", "AADT": null, "AADT_DATE": null, "AADT_SOURCE": null, "LENGTH_M": 70.458139138332641 }, "geometry": { "type": "LineString", "coordinates": [ [ -80.562582340999896, 43.4763373010001 ], [ -80.562555235348796, 43.476333220262603 ], [ -80.562527719479903, 43.476331079430302 ], [ -80.562500054737598, 43.476330898836601 ], [ -80.562472503880201, 43.476332680196897 ], [ -80.562445328584403, 43.476336406591898 ], [ -80.562418786959896, 43.476342042628403 ], [ -80.562393131097593, 43.4763495347757 ], [ -80.562368604675697, 43.476358811873702 ], [ -80.562345440644904, 43.476369785808998 ], [ -80.562323859016104, 43.476382352351699 ], [ -80.562304064770402, 43.476396392145404 ], [ -80.562286245912702, 43.476411771840802 ], [ -80.562270571685602, 43.4764283453624 ], [ -80.5622571909621, 43.476445955295702 ], [ -80.562246230831605, 43.476464434382301 ], [ -80.562237795393003, 43.476483607108896 ], [ -80.562231964765601, 43.476503291373803 ], [ -80.562228794328405, 43.476523300216797 ], [ -80.562228314194101, 43.476543443594998 ], [ -80.562230528922896, 43.476563530187597 ], [ -80.562235417479599, 43.476583369213003 ], [ -80.562242933432799, 43.4766027722413 ], [ -80.5622530053963, 43.476621554983303 ], [ -80.562265537707205, 43.476639539041599 ], [ -80.5622804113342, 43.4766565536044 ], [ -80.562297485008301, 43.476672437068302 ], [ -80.5623165965646, 43.476687038572898 ], [ -80.562337564482505, 43.476700219433901 ], [ -80.562360189609706, 43.47671185446 ], [ -80.562384257054006, 43.476721833142399 ], [ -80.562409538223804, 43.476730060704099 ], [ -80.562435793, 43.476736459000101 ] ] } },
{ "type": "Feature", "properties": { "OBJECTID": 2987, "SEGMENT_ID": 80916, "STREET_NAME": "WESTMOUNT RD N", "FROM_LEFT": 0.0, "TO_LEFT": 0.0, "FROM_RIGHT": 0.0, "TO_RIGHT": 0.0, "LEFT_PARITY": "Z", "RIGHT_PARITY": "Z", "FROM_STREET": "LAURELWOOD DR", "TO_STREET": "WESTMOUNT RD N", "STATUS_PHYSICAL": "BUILT", "STREET_TYPE": "Roundabout", "MAIN_ROAD": "Y", "CARTO_CLASS": "Roundabout", "FLOW_DIRECTION": "FromTo", "NUMBER_LANES": 2.0, "SPEED_ZONE": 60.0, "PLOW_PRIORITY": "1", "FIRE_ROUTE": "Primary", "CUL_DE_SAC": "N", "MEDIAN": null, "LEFT_MUNICIPALITY": "Waterloo", "RIGHT_MUNICIPALITY": "Waterloo", "OWNED_BY": "Region of Waterloo", "MANAGED_BY": "Region of Waterloo", "AADT": null, "AADT_DATE": null, "AADT_SOURCE": null, "LENGTH_M": 36.132689192656059 }, "geometry": { "type": "LineString", "coordinates": [ [ -80.562795566, 43.476585529 ], [ -80.562800472811205, 43.476565557526897 ], [ -80.562802665462897, 43.476545327057899 ], [ -80.562802122817899, 43.476525032613303 ], [ -80.562798850107299, 43.4765048698304 ], [ -80.562792878879904, 43.476485033077097 ], [ -80.562784266697903, 43.476465713578598 ], [ -80.562773096582305, 43.476447097573597 ], [ -80.562759476212193, 43.476429364519298 ], [ -80.562743536887197, 43.476412685361197 ], [ -80.562725432261402, 43.476397220885403 ], [ -80.562705336862194, 43.4763831201684 ], [ -80.562683444408194, 43.476370519140403 ], [ -80.562659965941194, 43.476359539274398 ], [ -80.562635127792106, 43.476350286415702 ], [ -80.562609169399295, 43.476342849761302 ], [ -80.562582340999896, 43.4763373010001 ] ] } },
{ "type": "Feature", "properties": { "OBJECTID": 3024, "SEGMENT_ID": 80455, "STREET_NAME": "BLYTHWOOD PL", "FROM_LEFT": 0.0, "TO_LEFT": 0.0, "FROM_RIGHT": 0.0, "TO_RIGHT": 0.0, "LEFT_PARITY": "Z", "RIGHT_PARITY": "Z", "FROM_STREET": "CUL-DE-SAC", "TO_STREET": "BLYTHWOOD PL", "STATUS_PHYSICAL": "BUILT", "STREET_TYPE": "ROAD", "MAIN_ROAD": "N", "CARTO_CLASS": "Local Street", "FLOW_DIRECTION": "TwoWay", "NUMBER_LANES": 2.0, "SPEED_ZONE": 50.0, "PLOW_PRIORITY": "3", "FIRE_ROUTE": null, "CUL_DE_SAC": "Y", "MEDIAN": null, "LEFT_MUNICIPALITY": "Waterloo", "RIGHT_MUNICIPALITY": "Waterloo", "OWNED_BY": "Waterloo", "MANAGED_BY": "Waterloo", "AADT": null, "AADT_DATE": null, "AADT_SOURCE": null, "LENGTH_M": 59.463407695126918 }, "geometry": { "type": "LineString", "coordinates": [ [ -80.532623885, 43.487265565 ], [ -80.532662473999906, 43.487209562 ], [ -80.532667269999905, 43.487198314000103 ], [ -80.532669778999903, 43.48718697 ], [ -80.532669981, 43.4871737570001 ], [ -80.532667429, 43.487160958000104 ], [ -80.532662188, 43.487148599000101 ], [ -80.532654383, 43.487136979000098 ], [ -80.532644392, 43.487126572000101 ], [ -80.532630903, 43.487116471 ], [ -80.532615546, 43.487108269 ], [ -80.532598535, 43.487102036000103 ], [ -80.532579901, 43.4870978450001 ], [ -80.532563387, 43.487096136 ], [ -80.532546233999895, 43.487096247000103 ], [ -80.532529291999893, 43.487098222 ], [ -80.532512949, 43.487102017 ], [ -80.532497587, 43.487107540000103 ], [ -80.532483532, 43.487114679000101 ], [ -80.532471084999898, 43.487123275 ], [ -80.532460543, 43.487133129 ], [ -80.532452139, 43.487144020000102 ], [ -80.532446232, 43.487155378000097 ], [ -80.532442293, 43.487169284000103 ], [ -80.532441591999898, 43.487183142 ], [ -80.532444057, 43.487196893 ], [ -80.532449708999906, 43.487210367 ], [ -80.532457415, 43.487221760000097 ], [ -80.532467636, 43.487232341 ], [ -80.532479983, 43.4872416440001 ], [ -80.532494157, 43.487249445 ], [ -80.532510147, 43.4872556830001 ], [ -80.532525005, 43.487259548000097 ], [ -80.532540857, 43.48726191 ], [ -80.532623885, 43.487265565 ] ] } },
{ "type": "Feature", "properties": { "OBJECTID": 3073, "SEGMENT_ID": 80893, "STREET_NAME": "BEARINGER RD", "FROM_LEFT": 0.0, "TO_LEFT": 0.0, "FROM_RIGHT": 900.0, "TO_RIGHT": 900.0, "LEFT_PARITY": "O", "RIGHT_PARITY": "E", "FROM_STREET": "UNKNOWN", "TO_STREET": "LAURELWOOD DR", "STATUS_PHYSICAL": "BUILT", "STREET_TYPE": "REG RD", "MAIN_ROAD": "Y", "CARTO_CLASS": "Regional Arterial", "FLOW_DIRECTION": "TwoWay", "NUMBER_LANES": 2.0, "SPEED_ZONE": 60.0, "PLOW_PRIORITY": "1", "FIRE_ROUTE": "Primary", "CUL_DE_SAC": "N", "MEDIAN": null, "LEFT_MUNICIPALITY": "Waterloo", "RIGHT_MUNICIPALITY": "Waterloo", "OWNED_BY": "Region of Waterloo", "MANAGED_BY": "Region of Waterloo", "AADT": null, "AADT_DATE": null, "AADT_SOURCE": null, "LENGTH_M": 693.21812629790088 }, "geometry": { "type": "LineString", "coordinates": [ [ -80.569686124, 43.480725695 ], [ -80.569812126, 43.480532096 ], [ -80.571896029999905, 43.477330011 ], [ -80.572002342, 43.477152971000102 ], [ -80.572110032999902, 43.476941004 ], [ -80.572227993, 43.476655927000103 ], [ -80.572312914999898, 43.476421467000101 ], [ -80.572356821, 43.4762506000001 ], [ -80.572381467999904, 43.476085881000103 ], [ -80.572388215, 43.475886112000097 ], [ -80.572373517999907, 43.475699478000102 ], [ -80.572344944, 43.4755127930001 ], [ -80.572247804, 43.474906825000097 ], [ -80.572247726025793, 43.474906336162448 ], [ -80.572247725999901, 43.474906336000103 ] ] } },
{ "type": "Feature", "properties": { "OBJECTID": 3085, "SEGMENT_ID": 7175, "STREET_NAME": "HAZEL ST", "FROM_LEFT": 449.0, "TO_LEFT": 455.0, "FROM_RIGHT": 450.0, "TO_RIGHT": 450.0, "LEFT_PARITY": "O", "RIGHT_PARITY": "E", "FROM_STREET": "TAMARACK DR", "TO_STREET": "BLYTHWOOD RD", "STATUS_PHYSICAL": "BUILT", "STREET_TYPE": "ROAD", "MAIN_ROAD": "N", "CARTO_CLASS": "Minor Collector", "FLOW_DIRECTION": "TwoWay", "NUMBER_LANES": 2.0, "SPEED_ZONE": 50.0, "PLOW_PRIORITY": "2", "FIRE_ROUTE": "Secondary", "CUL_DE_SAC": "N", "MEDIAN": null, "LEFT_MUNICIPALITY": "Waterloo", "RIGHT_MUNICIPALITY": "Waterloo", "OWNED_BY": "Waterloo", "MANAGED_BY": "Waterloo", "AADT": null, "AADT_DATE": null, "AADT_SOURCE": null, "LENGTH_M": 97.496485115299464 }, "geometry": { "type": "LineString", "coordinates": [ [ -80.536689418, 43.4850836580001 ], [ -80.537161195, 43.485495468000103 ], [ -80.537450765999907, 43.485748236000099 ], [ -80.537461712, 43.48575779 ] ] } },
{ "type": "Feature", "properties": { "OBJECTID": 3130, "SEGMENT_ID": 80913, "STREET_NAME": "LAURELWOOD DR", "FROM_LEFT": 0.0, "TO_LEFT": 0.0, "FROM_RIGHT": 0.0, "TO_RIGHT": 0.0, "LEFT_PARITY": "Z", "RIGHT_PARITY": "Z", "FROM_STREET": "LAURELWOOD DR", "TO_STREET": "LAURELWOOD DR", "STATUS_PHYSICAL": "BUILT", "STREET_TYPE": "ROAD", "MAIN_ROAD": "Y", "CARTO_CLASS": "Major Collector", "FLOW_DIRECTION": "TwoWay", "NUMBER_LANES": 2.0, "SPEED_ZONE": 50.0, "PLOW_PRIORITY": "2", "FIRE_ROUTE": "Primary", "CUL_DE_SAC": "N", "MEDIAN": "Yes", "LEFT_MUNICIPALITY": "Waterloo", "RIGHT_MUNICIPALITY": "Waterloo", "OWNED_BY": "Waterloo", "MANAGED_BY": "Waterloo", "AADT": null, "AADT_DATE": null, "AADT_SOURCE": null, "LENGTH_M": 304.19756793692449 }, "geometry": { "type": "LineString", "coordinates": [ [ -80.564897447, 43.476339478000099 ], [ -80.566609893, 43.475828839 ], [ -80.566764525329802, 43.475781990143503 ], [ -80.566921095592093, 43.475738669904402 ], [ -80.567079452285498, 43.4756989202005 ], [ -80.5672394421794, 43.475662779494897 ], [ -80.567400910463405, 43.475630282758303 ], [ -80.567563700896301, 43.475601461435303 ], [ -80.567727655957597, 43.475576343414197 ], [ -80.567892617, 43.475554953 ], [ -80.568448028, 43.47545977 ] ] } },
{ "type": "Feature", "properties": { "OBJECTID": 3132, "SEGMENT_ID": 29534, "STREET_NAME": "BEARINGER RD", "FROM_LEFT": 0.0, "TO_LEFT": 0.0, "FROM_RIGHT": 598.0, "TO_RIGHT": 598.0, "LEFT_PARITY": "O", "RIGHT_PARITY": "E", "FROM_STREET": "PINERIDGE RD", "TO_STREET": "WESTMOUNT RD N", "STATUS_PHYSICAL": "BUILT", "STREET_TYPE": "ROAD", "MAIN_ROAD": "Y", "CARTO_CLASS": "Major Collector", "FLOW_DIRECTION": "TwoWay", "NUMBER_LANES": 4.0, "SPEED_ZONE": 50.0, "PLOW_PRIORITY": "2", "FIRE_ROUTE": "Primary", "CUL_DE_SAC": "N", "MEDIAN": "Yes", "LEFT_MUNICIPALITY": "Waterloo", "RIGHT_MUNICIPALITY": "Waterloo", "OWNED_BY": "Waterloo", "MANAGED_BY": "Waterloo", "AADT": null, "AADT_DATE": null, "AADT_SOURCE": null, "LENGTH_M": 120.16339927600905 }, "geometry": { "type": "LineString", "coordinates": [ [ -80.5639852689999, 43.484003746 ], [ -80.564135687, 43.483945083 ], [ -80.564592708, 43.483761321 ], [ -80.565229695, 43.483499859000098 ], [ -80.565283624, 43.483477584000099 ] ] } },
{ "type": "Feature", "properties": { "OBJECTID": 3146, "SEGMENT_ID": 8032, "STREET_NAME": "ALBERT ST", "FROM_LEFT": 605.0, "TO_LEFT": 649.0, "FROM_RIGHT": 0.0, "TO_RIGHT": 0.0, "LEFT_PARITY": "O", "RIGHT_PARITY": "E", "FROM_STREET": "GREENBRIER DR", "TO_STREET": "LONGWOOD DR", "STATUS_PHYSICAL": "BUILT", "STREET_TYPE": "ROAD", "MAIN_ROAD": "Y", "CARTO_CLASS": "Major Collector", "FLOW_DIRECTION": "TwoWay", "NUMBER_LANES": 4.0, "SPEED_ZONE": 60.0, "PLOW_PRIORITY": "2", "FIRE_ROUTE": "Secondary", "CUL_DE_SAC": "N", "MEDIAN": null, "LEFT_MUNICIPALITY": "Waterloo", "RIGHT_MUNICIPALITY": "Waterloo", "OWNED_BY": "Waterloo", "MANAGED_BY": "Waterloo", "AADT": null, "AADT_DATE": null, "AADT_SOURCE": null, "LENGTH_M": 305.78867761148558 }, "geometry": { "type": "LineString", "coordinates": [ [ -80.541464637, 43.488255205 ], [ -80.541456648, 43.488611460000101 ], [ -80.541454412999897, 43.488711002000102 ], [ -80.54144948, 43.488793294000097 ], [ -80.541438593, 43.4888738000001 ], [ -80.541421694, 43.488953752 ], [ -80.541398832, 43.489032916 ], [ -80.5413700779999, 43.489111055000102 ], [ -80.541335558, 43.489187841 ], [ -80.541292475, 43.489268068000101 ], [ -80.541243123999905, 43.489346261 ], [ -80.541187628, 43.489422237 ], [ -80.541126173, 43.489495742 ], [ -80.541058963999902, 43.489566528000097 ], [ -80.54098623, 43.489634357000099 ], [ -80.540908215999906, 43.489699 ], [ -80.540825181999907, 43.489760241000099 ], [ -80.540737408, 43.489817871000099 ], [ -80.5406451919999, 43.489871697000098 ], [ -80.540547093, 43.489922445 ], [ -80.539787882, 43.49029146 ], [ -80.539638138, 43.490364245000102 ], [ -80.539561469, 43.490401007000102 ] ] } },
{ "type": "Feature", "properties": { "OBJECTID": 3189, "SEGMENT_ID": 1850, "STREET_NAME": "TAMARACK DR", "FROM_LEFT": 383.0, "TO_LEFT": 391.0, "FROM_RIGHT": 382.0, "TO_RIGHT": 394.0, "LEFT_PARITY": "O", "RIGHT_PARITY": "E", "FROM_STREET": "AUSTIN DR", "TO_STREET": "SORREL PL", "STATUS_PHYSICAL": "BUILT", "STREET_TYPE": "ROAD", "MAIN_ROAD": "N", "CARTO_CLASS": "Local Street", "FLOW_DIRECTION": "TwoWay", "NUMBER_LANES": 2.0, "SPEED_ZONE": 50.0, "PLOW_PRIORITY": "3", "FIRE_ROUTE": null, "CUL_DE_SAC": "N", "MEDIAN": null, "LEFT_MUNICIPALITY": "Waterloo", "RIGHT_MUNICIPALITY": "Waterloo", "OWNED_BY": "Waterloo", "MANAGED_BY": "Waterloo", "AADT": null, "AADT_DATE": null, "AADT_SOURCE": null, "LENGTH_M": 146.39466649493926 }, "geometry": { "type": "LineString", "coordinates": [ [ -80.530854214, 43.482153064 ], [ -80.530904925, 43.482228017000097 ], [ -80.531121363999901, 43.482547926000102 ], [ -80.531138652, 43.482573471000102 ], [ -80.531188743, 43.48264297 ], [ -80.531244471, 43.482711581 ], [ -80.531316106, 43.482789535000101 ], [ -80.531393911999899, 43.482864092000099 ], [ -80.531454028, 43.482915899 ], [ -80.531516833, 43.482965513000103 ], [ -80.531582585, 43.483013157000102 ], [ -80.531655962999906, 43.483061760000098 ], [ -80.531732409, 43.483107879 ], [ -80.531812772, 43.483151963000097 ], [ -80.531908689, 43.483197258000096 ] ] } },
{ "type": "Feature", "properties": { "OBJECTID": 3207, "SEGMENT_ID": 7189, "STREET_NAME": "COLUMBIA ST W", "FROM_LEFT": 0.0, "TO_LEFT": 0.0, "FROM_RIGHT": 0.0, "TO_RIGHT": 0.0, "LEFT_PARITY": "Z", "RIGHT_PARITY": "Z", "FROM_STREET": "WESTMOUNT RD N", "TO_STREET": "OLD POST RD", "STATUS_PHYSICAL": "BUILT", "STREET_TYPE": "ROAD", "MAIN_ROAD": "Y", "CARTO_CLASS": "City Arterial", "FLOW_DIRECTION": "TwoWay", "NUMBER_LANES": 4.0, "SPEED_ZONE": 60.0, "PLOW_PRIORITY": "1", "FIRE_ROUTE": "Primary", "CUL_DE_SAC": "N", "MEDIAN": "Yes", "LEFT_MUNICIPALITY": "Waterloo", "RIGHT_MUNICIPALITY": "Waterloo", "OWNED_BY": "Waterloo", "MANAGED_BY": "Waterloo", "AADT": null, "AADT_DATE": null, "AADT_SOURCE": null, "LENGTH_M": 132.91769174206141 }, "geometry": { "type": "LineString", "coordinates": [ [ -80.558109141, 43.47051543 ], [ -80.558382143999907, 43.470417795000103 ], [ -80.558535491, 43.470357944000099 ], [ -80.559478247, 43.470020425 ], [ -80.55958115, 43.469983583 ] ] } },
{ "type": "Feature", "properties": { "OBJECTID": 3213, "SEGMENT_ID": 80912, "STREET_NAME": "LAURELWOOD DR", "FROM_LEFT": 0.0, "TO_LEFT": 0.0, "FROM_RIGHT": 250.0, "TO_RIGHT": 250.0, "LEFT_PARITY": "O", "RIGHT_PARITY": "E", "FROM_STREET": "LAURELWOOD DR", "TO_STREET": "LAURELWOOD DR", "STATUS_PHYSICAL": "BUILT", "STREET_TYPE": "ROAD", "MAIN_ROAD": "Y", "CARTO_CLASS": "Major Collector", "FLOW_DIRECTION": "TwoWay", "NUMBER_LANES": 2.0, "SPEED_ZONE": 50.0, "PLOW_PRIORITY": "2", "FIRE_ROUTE": "Primary", "CUL_DE_SAC": "N", "MEDIAN": "Yes", "LEFT_MUNICIPALITY": "Waterloo", "RIGHT_MUNICIPALITY": "Waterloo", "OWNED_BY": "Waterloo", "MANAGED_BY": "Waterloo", "AADT": null, "AADT_DATE": null, "AADT_SOURCE": null, "LENGTH_M": 272.15447454299925 }, "geometry": { "type": "LineString", "coordinates": [ [ -80.568945857, 43.475370600000097 ], [ -80.569579647, 43.475287617 ], [ -80.570095368, 43.475221063 ], [ -80.570562165, 43.475133477 ], [ -80.571434164, 43.474993805000103 ], [ -80.572247720922249, 43.47490633654602 ], [ -80.572247725999901, 43.474906336000103 ] ] } },
{ "type": "Feature", "properties": { "OBJECTID": 3224, "SEGMENT_ID": 7233, "STREET_NAME": "HAZEL ST", "FROM_LEFT": 365.0, "TO_LEFT": 369.0, "FROM_RIGHT": 366.0, "TO_RIGHT": 366.0, "LEFT_PARITY": "O", "RIGHT_PARITY": "E", "FROM_STREET": "COLUMBIA ST W", "TO_STREET": "HIGH ST", "STATUS_PHYSICAL": "BUILT", "STREET_TYPE": "ROAD", "MAIN_ROAD": "N", "CARTO_CLASS": "Minor Collector", "FLOW_DIRECTION": "TwoWay", "NUMBER_LANES": 2.0, "SPEED_ZONE": 50.0, "PLOW_PRIORITY": "2", "FIRE_ROUTE": "Secondary", "CUL_DE_SAC": "N", "MEDIAN": null, "LEFT_MUNICIPALITY": "Waterloo", "RIGHT_MUNICIPALITY": "Waterloo", "OWNED_BY": "Waterloo", "MANAGED_BY": "Waterloo", "AADT": null, "AADT_DATE": null, "AADT_SOURCE": null, "LENGTH_M": 95.082522322140775 }, "geometry": { "type": "LineString", "coordinates": [ [ -80.531712835, 43.479913554000099 ], [ -80.531777185, 43.479992447 ], [ -80.531809045, 43.48003622 ], [ -80.53198897, 43.480285315000103 ], [ -80.532198303, 43.48054956 ], [ -80.532286364999905, 43.480660718000102 ] ] } },
{ "type": "Feature", "properties": { "OBJECTID": 3252, "SEGMENT_ID": 7369, "STREET_NAME": "QUIET PL", "FROM_LEFT": 0.0, "TO_LEFT": 0.0, "FROM_RIGHT": 0.0, "TO_RIGHT": 0.0, "LEFT_PARITY": "Z", "RIGHT_PARITY": "Z", "FROM_STREET": "QUIET PL", "TO_STREET": "ALBERT ST", "STATUS_PHYSICAL": "BUILT", "STREET_TYPE": "ROAD", "MAIN_ROAD": "N", "CARTO_CLASS": "Local Street", "FLOW_DIRECTION": "TwoWay", "NUMBER_LANES": 2.0, "SPEED_ZONE": 50.0, "PLOW_PRIORITY": "3", "FIRE_ROUTE": null, "CUL_DE_SAC": "N", "MEDIAN": null, "LEFT_MUNICIPALITY": "Waterloo", "RIGHT_MUNICIPALITY": "Waterloo", "OWNED_BY": "Waterloo", "MANAGED_BY": "Waterloo", "AADT": null, "AADT_DATE": null, "AADT_SOURCE": null, "LENGTH_M": 179.82779425003562 }, "geometry": { "type": "LineString", "coordinates": [ [ -80.541636363441256, 43.487307130167956 ], [ -80.541622001, 43.487307523 ], [ -80.54148393, 43.487311299000098 ] ] } },
{ "type": "Feature", "properties": { "OBJECTID": 3286, "SEGMENT_ID": 1834, "STREET_NAME": "HAZEL ST", "FROM_LEFT": 371.0, "TO_LEFT": 377.0, "FROM_RIGHT": 372.0, "TO_RIGHT": 378.0, "LEFT_PARITY": "O", "RIGHT_PARITY": "E", "FROM_STREET": "HIGH ST", "TO_STREET": "AUSTIN DR", "STATUS_PHYSICAL": "BUILT", "STREET_TYPE": "ROAD", "MAIN_ROAD": "N", "CARTO_CLASS": "Minor Collector", "FLOW_DIRECTION": "TwoWay", "NUMBER_LANES": 2.0, "SPEED_ZONE": 50.0, "PLOW_PRIORITY": "2", "FIRE_ROUTE": "Secondary", "CUL_DE_SAC": "N", "MEDIAN": null, "LEFT_MUNICIPALITY": "Waterloo", "RIGHT_MUNICIPALITY": "Waterloo", "OWNED_BY": "Waterloo", "MANAGED_BY": "Waterloo", "AADT": null, "AADT_DATE": null, "AADT_SOURCE": null, "LENGTH_M": 97.698929326337918 }, "geometry": { "type": "LineString", "coordinates": [ [ -80.532286364999905, 43.480660718000102 ], [ -80.532301842, 43.480680253000102 ], [ -80.532405372, 43.48081095 ], [ -80.532838346999895, 43.481357487 ], [ -80.532890022999894, 43.481422721000101 ] ] } },
{ "type": "Feature", "properties": { "OBJECTID": 3291, "SEGMENT_ID": 25461, "STREET_NAME": "LAURELWOOD DR", "FROM_LEFT": 0.0, "TO_LEFT": 0.0, "FROM_RIGHT": 290.0, "TO_RIGHT": 290.0, "LEFT_PARITY": "O", "RIGHT_PARITY": "E", "FROM_STREET": "BEARINGER RD", "TO_STREET": "LAUREL GATE DR", "STATUS_PHYSICAL": "BUILT", "STREET_TYPE": "ROAD", "MAIN_ROAD": "Y", "CARTO_CLASS": "Major Collector", "FLOW_DIRECTION": "TwoWay", "NUMBER_LANES": 2.0, "SPEED_ZONE": 50.0, "PLOW_PRIORITY": "2", "FIRE_ROUTE": "Primary", "CUL_DE_SAC": "N", "MEDIAN": null, "LEFT_MUNICIPALITY": "Waterloo", "RIGHT_MUNICIPALITY": "Waterloo", "OWNED_BY": "Waterloo", "MANAGED_BY": "Waterloo", "AADT": null, "AADT_DATE": null, "AADT_SOURCE": null, "LENGTH_M": 177.10371515571029 }, "geometry": { "type": "LineString", "coordinates": [ [ -80.572247720999897, 43.474906337 ], [ -80.572247726025793, 43.474906336162448 ], [ -80.572247727, 43.474906336000103 ], [ -80.572369113875482, 43.47489145664089 ] ] } },
{ "type": "Feature", "properties": { "OBJECTID": 3292, "SEGMENT_ID": 80910, "STREET_NAME": "LAURELWOOD DR", "FROM_LEFT": 0.0, "TO_LEFT": 0.0, "FROM_RIGHT": 0.0, "TO_RIGHT": 0.0, "LEFT_PARITY": "Z", "RIGHT_PARITY": "Z", "FROM_STREET": "UNKNOWN", "TO_STREET": "LAURELWOOD DR", "STATUS_PHYSICAL": "BUILT", "STREET_TYPE": "Roundabout", "MAIN_ROAD": "Y", "CARTO_CLASS": "Roundabout", "FLOW_DIRECTION": "FromTo", "NUMBER_LANES": 1.0, "SPEED_ZONE": 50.0, "PLOW_PRIORITY": "2", "FIRE_ROUTE": "Primary", "CUL_DE_SAC": "N", "MEDIAN": null, "LEFT_MUNICIPALITY": "Waterloo", "RIGHT_MUNICIPALITY": "Waterloo", "OWNED_BY": "Waterloo", "MANAGED_BY": "Waterloo", "AADT": null, "AADT_DATE": null, "AADT_SOURCE": null, "LENGTH_M": 34.687166179733666 }, "geometry": { "type": "LineString", "coordinates": [ [ -80.564736178, 43.476591995 ], [ -80.564759482866407, 43.476585564753996 ], [ -80.564781823754501, 43.476577528692097 ], [ -80.564802993055594, 43.476567961491597 ], [ -80.564822794048098, 43.476556952058303 ], [ -80.564841042726101, 43.476544602700201 ], [ -80.564857569508803, 43.476531028177199 ], [ -80.564872220816795, 43.4765163546341 ], [ -80.564884860498694, 43.476500718428703 ], [ -80.564895371096995, 43.476484264864702 ], [ -80.564903654939002, 43.476467146841202 ], [ -80.564909635045098, 43.476449523432002 ], [ -80.564913255843294, 43.476431558407498 ], [ -80.564914483686493, 43.476413418712397 ], [ -80.564913307164701, 43.476395272914701 ], [ -80.564909737210897, 43.476377289639103 ], [ -80.564903807, 43.476359636 ], [ -80.564893618, 43.476338974 ] ] } },
{ "type": "Feature", "properties": { "OBJECTID": 3322, "SEGMENT_ID": 80918, "STREET_NAME": "LAURELWOOD DR", "FROM_LEFT": 0.0, "TO_LEFT": 0.0, "FROM_RIGHT": 0.0, "TO_RIGHT": 0.0, "LEFT_PARITY": "Z", "RIGHT_PARITY": "Z", "FROM_STREET": "WESTMOUNT RD N", "TO_STREET": "LAURELWOOD DR", "STATUS_PHYSICAL": "BUILT", "STREET_TYPE": "ROAD", "MAIN_ROAD": "Y", "CARTO_CLASS": "Major Collector", "FLOW_DIRECTION": "TwoWay", "NUMBER_LANES": 2.0, "SPEED_ZONE": 50.0, "PLOW_PRIORITY": "2", "FIRE_ROUTE": "Primary", "CUL_DE_SAC": "N", "MEDIAN": "Yes", "LEFT_MUNICIPALITY": "Waterloo", "RIGHT_MUNICIPALITY": "Waterloo", "OWNED_BY": "Waterloo", "MANAGED_BY": "Waterloo", "AADT": null, "AADT_DATE": null, "AADT_SOURCE": null, "LENGTH_M": 133.20181611384402 }, "geometry": { "type": "LineString", "coordinates": [ [ -80.562795566, 43.476585529 ], [ -80.562945149, 43.476606204000099 ], [ -80.563049562294196, 43.476615640208699 ], [ -80.563154357781698, 43.476622395578197 ], [ -80.563259405660503, 43.476626461741297 ], [ -80.563364575815896, 43.476627833661503 ], [ -80.563469737982004, 43.476626509639502 ], [ -80.563574761902601, 43.476622491315297 ], [ -80.563679517492801, 43.476615783666098 ], [ -80.563783875, 43.476606395 ], [ -80.563942111172096, 43.476576970289301 ], [ -80.564098800678195, 43.4765434735993 ], [ -80.564253746296401, 43.476505947091603 ], [ -80.564406753, 43.4764644380001 ] ] } },
{ "type": "Feature", "properties": { "OBJECTID": 3351, "SEGMENT_ID": 7236, "STREET_NAME": "HAZEL ST", "FROM_LEFT": 387.0, "TO_LEFT": 401.0, "FROM_RIGHT": 386.0, "TO_RIGHT": 400.0, "LEFT_PARITY": "O", "RIGHT_PARITY": "E", "FROM_STREET": "AUSTIN DR", "TO_STREET": "SMALLWOOD DR", "STATUS_PHYSICAL": "BUILT", "STREET_TYPE": "ROAD", "MAIN_ROAD": "N", "CARTO_CLASS": "Minor Collector", "FLOW_DIRECTION": "TwoWay", "NUMBER_LANES": 2.0, "SPEED_ZONE": 50.0, "PLOW_PRIORITY": "2", "FIRE_ROUTE": "Secondary", "CUL_DE_SAC": "N", "MEDIAN": null, "LEFT_MUNICIPALITY": "Waterloo", "RIGHT_MUNICIPALITY": "Waterloo", "OWNED_BY": "Waterloo", "MANAGED_BY": "Waterloo", "AADT": null, "AADT_DATE": null, "AADT_SOURCE": null, "LENGTH_M": 182.28263226494184 }, "geometry": { "type": "LineString", "coordinates": [ [ -80.532890022999894, 43.481422721000101 ], [ -80.533177426, 43.481785528 ], [ -80.533280958, 43.481916225000099 ], [ -80.533488029999901, 43.482177615000097 ], [ -80.533687141, 43.4824289640001 ], [ -80.533718338, 43.482467083000103 ], [ -80.533784101, 43.4825397480001 ], [ -80.533855565, 43.482609250000102 ], [ -80.533883247999896, 43.482634004 ], [ -80.53401385, 43.482748021000099 ], [ -80.534085136, 43.482810252 ] ] } },
{ "type": "Feature", "properties": { "OBJECTID": 3368, "SEGMENT_ID": 7237, "STREET_NAME": "HAZEL ST", "FROM_LEFT": 407.0, "TO_LEFT": 443.0, "FROM_RIGHT": 406.0, "TO_RIGHT": 434.0, "LEFT_PARITY": "O", "RIGHT_PARITY": "E", "FROM_STREET": "SMALLWOOD DR", "TO_STREET": "TAMARACK DR", "STATUS_PHYSICAL": "BUILT", "STREET_TYPE": "ROAD", "MAIN_ROAD": "N", "CARTO_CLASS": "Minor Collector", "FLOW_DIRECTION": "TwoWay", "NUMBER_LANES": 2.0, "SPEED_ZONE": 50.0, "PLOW_PRIORITY": "2", "FIRE_ROUTE": "Secondary", "CUL_DE_SAC": "N", "MEDIAN": null, "LEFT_MUNICIPALITY": "Waterloo", "RIGHT_MUNICIPALITY": "Waterloo", "OWNED_BY": "Waterloo", "MANAGED_BY": "Waterloo", "AADT": null, "AADT_DATE": null, "AADT_SOURCE": null, "LENGTH_M": 328.78679740181747 }, "geometry": { "type": "LineString", "coordinates": [ [ -80.534085136, 43.482810252 ], [ -80.534118029999902, 43.482838966 ], [ -80.534371409999906, 43.4830601620001 ], [ -80.534496895, 43.483169713000102 ], [ -80.534750285, 43.483390909 ], [ -80.5348781819999, 43.483502563000101 ], [ -80.535129114, 43.48372161 ], [ -80.535131529, 43.483723722 ], [ -80.535384963999903, 43.483944964 ], [ -80.535512869999906, 43.484056614000103 ], [ -80.535766260999907, 43.484277814000102 ], [ -80.535891751999898, 43.484387356000099 ], [ -80.536273052, 43.484720207000102 ], [ -80.536398549, 43.484829748 ], [ -80.536651943, 43.485050946000101 ], [ -80.536689418, 43.4850836580001 ] ] } },
{ "type": "Feature", "properties": { "OBJECTID": 3385, "SEGMENT_ID": 80351, "STREET_NAME": "FRANK TOMPA DR", "FROM_LEFT": 0.0, "TO_LEFT": 0.0, "FROM_RIGHT": 0.0, "TO_RIGHT": 0.0, "LEFT_PARITY": "Z", "RIGHT_PARITY": "Z", "FROM_STREET": "FRANK TOMPA DR", "TO_STREET": "CUL-DE-SAC", "STATUS_PHYSICAL": "BUILT", "STREET_TYPE": "ROAD", "MAIN_ROAD": "N", "CARTO_CLASS": "Private", "FLOW_DIRECTION": "TwoWay", "NUMBER_LANES": 2.0, "SPEED_ZONE": 50.0, "PLOW_PRIORITY": "Other", "FIRE_ROUTE": null, "CUL_DE_SAC": "Y", "MEDIAN": null, "LEFT_MUNICIPALITY": "Waterloo", "RIGHT_MUNICIPALITY": "Waterloo", "OWNED_BY": "UW", "MANAGED_BY": "UW", "AADT": null, "AADT_DATE": null, "AADT_SOURCE": null, "LENGTH_M": 59.406708634272007 }, "geometry": { "type": "LineString", "coordinates": [ [ -80.546418457, 43.4779425340001 ], [ -80.546372171, 43.477957233 ], [ -80.546343597, 43.477960239 ], [ -80.5463279454504, 43.477962124416699 ], [ -80.546312088, 43.47796162 ], [ -80.546291591675399, 43.477960949816499 ], [ -80.546271347516395, 43.477963330280602 ], [ -80.546252202458405, 43.477968661802997 ], [ -80.546234957454899, 43.477976721334002 ], [ -80.546220333968705, 43.4779871716947 ], [ -80.5462089437885, 43.477999575683199 ], [ -80.546201263434597, 43.478013414365897 ], [ -80.546197614222507, 43.478028108786901 ], [ -80.546198148820807, 43.478043044189697 ], [ -80.546202844863998, 43.478057595736303 ], [ -80.546211505888294, 43.478071154647502 ], [ -80.546223769550593, 43.478083153671903 ], [ -80.546239122787895, 43.478093090818 ], [ -80.546256923281405, 43.478100550354803 ], [ -80.546276426328902, 43.478105220204903 ], [ -80.546296815999895, 43.478106905000097 ], [ -80.546320595091402, 43.478104978744703 ], [ -80.5463430561622, 43.478099003596697 ], [ -80.546362920330694, 43.4780893197673 ], [ -80.546379056576896, 43.478076478631401 ], [ -80.546390546140103, 43.478061211333703 ], [ -80.546396734831205, 43.478044387159002 ], [ -80.546397270280195, 43.478026964036999 ], [ -80.546392122, 43.478009934000099 ], [ -80.546388853440007, 43.478000909390701 ], [ -80.546387508879803, 43.477991631079902 ], [ -80.546388119682504, 43.477982315493101 ], [ -80.546390671600506, 43.477973179925399 ], [ -80.546395105107905, 43.477964437472501 ], [ -80.546401316788902, 43.477956292060703 ], [ -80.546418457, 43.4779425340001 ] ] } },
{ "type": "Feature", "properties": { "OBJECTID": 3428, "SEGMENT_ID": 8039, "STREET_NAME": "LONGWOOD DR", "FROM_LEFT": 141.0, "TO_LEFT": 141.0, "FROM_RIGHT": 140.0, "TO_RIGHT": 142.0, "LEFT_PARITY": "O", "RIGHT_PARITY": "E", "FROM_STREET": "MOCCASIN DR", "TO_STREET": "ALBERT ST", "STATUS_PHYSICAL": "BUILT", "STREET_TYPE": "ROAD", "MAIN_ROAD": "N", "CARTO_CLASS": "Local Street", "FLOW_DIRECTION": "TwoWay", "NUMBER_LANES": 2.0, "SPEED_ZONE": 50.0, "PLOW_PRIORITY": "3", "FIRE_ROUTE": null, "CUL_DE_SAC": "N", "MEDIAN": null, "LEFT_MUNICIPALITY": "Waterloo", "RIGHT_MUNICIPALITY": "Waterloo", "OWNED_BY": "Waterloo", "MANAGED_BY": "Waterloo", "AADT": null, "AADT_DATE": null, "AADT_SOURCE": null, "LENGTH_M": 71.574042392571641 }, "geometry": { "type": "LineString", "coordinates": [ [ -80.538957952, 43.489931251 ], [ -80.539056465, 43.489988762000102 ], [ -80.539106633, 43.490024557 ], [ -80.539157009999897, 43.490064352 ], [ -80.539467317999893, 43.49032264 ], [ -80.539561469, 43.490401007000102 ] ] } },
{ "type": "Feature", "properties": { "OBJECTID": 3445, "SEGMENT_ID": 29123, "STREET_NAME": "WES GRAHAM WAY", "FROM_LEFT": 415.0, "TO_LEFT": 435.0, "FROM_RIGHT": 420.0, "TO_RIGHT": 440.0, "LEFT_PARITY": "O", "RIGHT_PARITY": "E", "FROM_STREET": "HAGEY BLVD", "TO_STREET": "BEARINGER RD", "STATUS_PHYSICAL": "BUILT", "STREET_TYPE": "ROAD", "MAIN_ROAD": "N", "CARTO_CLASS": "Minor Collector", "FLOW_DIRECTION": "TwoWay", "NUMBER_LANES": 2.0, "SPEED_ZONE": 50.0, "PLOW_PRIORITY": "2", "FIRE_ROUTE": "Secondary", "CUL_DE_SAC": "N", "MEDIAN": null, "LEFT_MUNICIPALITY": "Waterloo", "RIGHT_MUNICIPALITY": "Waterloo", "OWNED_BY": "Waterloo", "MANAGED_BY": "Waterloo", "AADT": null, "AADT_DATE": null, "AADT_SOURCE": null, "LENGTH_M": 803.27630969103529 }, "geometry": { "type": "LineString", "coordinates": [ [ -80.549537219999905, 43.480118531000102 ], [ -80.549308294999904, 43.480200491000097 ], [ -80.54907937, 43.480282450000097 ], [ -80.546085553, 43.481354229 ], [ -80.546037446, 43.481375143 ], [ -80.5459907649999, 43.481403853000103 ], [ -80.545951104, 43.481437705000097 ], [ -80.545919522, 43.481475799000101 ], [ -80.545896855, 43.48151712 ], [ -80.545883706, 43.481560573000102 ], [ -80.545880423, 43.481605005000098 ], [ -80.545886547, 43.481645595 ], [ -80.546267413, 43.4830762140001 ], [ -80.546290776, 43.483176684000099 ], [ -80.54630725, 43.483276759 ], [ -80.546317047999906, 43.483377295 ], [ -80.54632015, 43.483478061 ], [ -80.546316535, 43.4835791530001 ], [ -80.546316223, 43.483582549000097 ], [ -80.546310161999898, 43.48364832 ], [ -80.546300567999893, 43.4837176280001 ], [ -80.546283812999903, 43.483790590000098 ], [ -80.546157081, 43.484265087 ], [ -80.546141124, 43.484350429000102 ], [ -80.546137367, 43.484427805000102 ], [ -80.546143504, 43.484510159000102 ], [ -80.546162159999895, 43.484588400000099 ], [ -80.546200287, 43.484662435000097 ], [ -80.546545889, 43.485195723000103 ], [ -80.546608012, 43.485290737000099 ], [ -80.546728951, 43.485475710000102 ], [ -80.546799904999901, 43.485584229 ] ] } },
{ "type": "Feature", "properties": { "OBJECTID": 3452, "SEGMENT_ID": 7268, "STREET_NAME": "GREENBRIER DR", "FROM_LEFT": 116.0, "TO_LEFT": 134.0, "FROM_RIGHT": 115.0, "TO_RIGHT": 137.0, "LEFT_PARITY": "E", "RIGHT_PARITY": "O", "FROM_STREET": "MOCCASIN DR", "TO_STREET": "LONGWOOD DR", "STATUS_PHYSICAL": "BUILT", "STREET_TYPE": "ROAD", "MAIN_ROAD": "N", "CARTO_CLASS": "Local Street", "FLOW_DIRECTION": "TwoWay", "NUMBER_LANES": 2.0, "SPEED_ZONE": 50.0, "PLOW_PRIORITY": "3", "FIRE_ROUTE": null, "CUL_DE_SAC": "N", "MEDIAN": null, "LEFT_MUNICIPALITY": "Waterloo", "RIGHT_MUNICIPALITY": "Waterloo", "OWNED_BY": "Waterloo", "MANAGED_BY": "Waterloo", "AADT": null, "AADT_DATE": null, "AADT_SOURCE": null, "LENGTH_M": 237.0767231273322 }, "geometry": { "type": "LineString", "coordinates": [ [ -80.540402063, 43.488394792000101 ], [ -80.540331664999897, 43.488419700000101 ], [ -80.540280826, 43.488437683 ], [ -80.540077485, 43.488509624000102 ], [ -80.539874132, 43.488581562 ], [ -80.539670075999894, 43.488653761000101 ], [ -80.539449773999905, 43.488731694000101 ], [ -80.538365304, 43.489115344 ], [ -80.538361836, 43.489116568 ], [ -80.538341903999907, 43.489123617000097 ], [ -80.538289522, 43.489144186 ], [ -80.538241644, 43.48916696 ], [ -80.538196803999895, 43.4891924450001 ], [ -80.538149511, 43.489224676 ], [ -80.538106821, 43.489259863 ], [ -80.538067769, 43.489298965 ], [ -80.538058894999907, 43.489309085000102 ], [ -80.537975595, 43.489406804000097 ], [ -80.537924056999898, 43.489467262000097 ] ] } }
]
}
